id;sexo;edad;nrohijos;horario;satisfaccion
1;Masculino;19;NULL;Mañana;1
2;Fem;30;2;M;1
3;M;36;2;N;2
4;M;29;2;Mañana;5
5;m;63;2;T;1+
6;F;55;5;T;1
7;M;44;6;Mañana;1
8;Mas;60;5;TARDE;3-
9;M;46;2;M;3
10;Mas;91;6;TARDE;3
11;Mas;33;6;N;3
12;F;66;6;N;5
13;Masculino;63;1;Mañana;2
14;Masculino;10;3;N;3
15;m;23;5;Mañana;4
16;Fem;;5;Mañana;2*
17;m;39;4;T;3
18;Fem;13;1;TARDE;3-
19;m;89;2;TARDE;1
20;Masculino;71;;N;2
21;Masculino;94;4;TARDE;3-
22;Masculino;77;1;T;2
23;m;3;6;M;3-
24;M;;NULL;Mañana;1
25;Fem;8;5;T;3
26;m;50;2;M;2
27;Mas;24;5;Mañana;3-
28;Mas;76;4;TARDE;4
29;F;53;5;TARDE;2
30;F;48;3;T;5
31;F;84;5;N;3
32;F;18;2;TARDE;5
33;F;72;5;N;1+
34;M;15;6;N;4
35;M;;4;TARDE;2*
36;M;49;1;M;3
37;M;22;;N;2
38;Mas;97;1;M;3-
39;M;54;1;M;4
40;Fem;27;3;TARDE;2
41;F;66;4;TARDE;2
42;Mas;61;4;N;1+
43;M;27;3;TARDE;3-
44;M;19;5;Mañana;2
45;Mas;62;NULL;T;1+
46;F;;2;M;2*
47;Fem;54;3;M;3-
48;F;22;3;TARDE;3
49;m;8;4;TARDE;4
50;Mas;55;3;TARDE;3
51;M;9;4;N;2*
52;Mas;32;6;Mañana;1
53;Fem;37;3;Mañana;4
54;F;81;3;T;4
55;M;75;2;T;5
56;m;43;4;N;3
57;M;51;3;TARDE;3
58;F;;6;T;1+
59;Masculino;8;4;TARDE;2
60;m;44;6;M;3
61;F;37;3;TARDE;4
62;F;35;6;T;2
63;Masculino;50;3;T;5
64;Fem;58;4;Mañana;4
65;m;75;1;M;3-
66;M;33;3;M;3
67;Masculino;7;4;N;3
68;F;99;3;N;1
69;Fem;76;NULL;Mañana;3-
70;Masculino;93;1;N;2*
71;m;;3;T;5
72;m;71;3;M;2
73;F;20;3;TARDE;1+
74;Mas;16;5;TARDE;5
75;Masculino;56;5;N;2*
76;Fem;3;4;TARDE;2*
77;Mas;45;2;N;4
78;Masculino;71;2;N;2*
79;Fem;6;1;T;3
80;Masculino;61;6;Mañana;1
81;F;30;4;M;2*
82;F;;2;T;2
83;m;96;2;M;4
84;Mas;40;5;Mañana;2
85;M;76;4;Mañana;2
86;F;54;4;N;1
87;Masculino;58;1;Mañana;3-
88;Fem;6;6;M;1
89;Fem;83;NULL;M;4
90;m;9;3;T;2*
91;Fem;66;1;N;3
92;M;23;5;N;1+
93;F;18;;M;4
94;M;29;4;M;5
95;m;;6;T;3-
96;Masculino;98;1;TARDE;2
97;Mas;95;1;TARDE;1+
98;m;50;6;M;5
99;F;85;6;Mañana;3-
100;m;57;1;Mañana;4
101;Mas;1;1;TARDE;2*
102;Masculino;13;3;Mañana;5
103;m;22;6;TARDE;2
104;Masculino;;3;M;2
105;Masculino;80;5;TARDE;5
106;F;93;6;TARDE;3-
107;F;26;5;N;3-
108;Fem;40;4;M;2*
109;M;13;5;TARDE;3-
110;Mas;56;4;TARDE;1
111;m;94;3;M;2
112;m;53;4;T;3
113;Fem;8;4;TARDE;2
114;Masculino;20;;T;1
115;Masculino;15;6;M;3-
116;M;78;4;Mañana;2
117;M;29;4;Mañana;5
118;M;28;2;Mañana;3-
119;F;3;4;Mañana;4
120;Mas;43;6;TARDE;1
121;Masculino;54;3;TARDE;1+
122;Fem;75;6;M;2*
123;Fem;20;2;Mañana;4
124;Fem;;5;Mañana;1
125;Mas;;1;T;1+
126;Masculino;;6;M;2*
127;Masculino;;6;M;2*
128;F;;4;N;5
129;Fem;;4;Mañana;4
130;Mas;;3;N;2*
131;m;95;6;M;5
132;m;58;6;Mañana;5
133;M;13;4;TARDE;2*
134;m;8;4;T;2
135;F;86;4;TARDE;3
136;F;49;2;Mañana;1+
137;F;62;1;TARDE;1
138;F;94;6;M;3-
139;Masculino;76;6;T;2*
140;Masculino;40;;TARDE;2
141;Masculino;95;4;TARDE;2*
142;Mas;37;5;TARDE;2*
143;Masculino;14;6;N;4
144;M;56;NULL;T;1+
145;F;76;6;T;3-
146;m;98;1;T;1+
147;F;13;1;TARDE;3
148;Mas;61;5;T;3
149;m;59;3;Mañana;1
150;m;94;2;Mañana;2*
151;Masculino;29;6;Mañana;2*
152;M;94;2;M;3-
153;M;52;2;N;2*
154;Masculino;42;2;TARDE;4
155;m;93;1;N;5
156;F;17;1;N;3-
157;F;82;1;N;1+
158;Mas;12;5;TARDE;3
159;Fem;26;4;Mañana;1+
160;M;19;1;Mañana;3-
161;Fem;65;6;Mañana;3
162;M;4;1;Mañana;3
163;F;35;4;M;2*
164;m;95;1;T;3-
165;Mas;55;4;N;3-
166;Fem;69;;TARDE;3-
167;Mas;82;2;M;2
168;Fem;39;5;Mañana;2
169;m;91;6;Mañana;1
170;m;49;2;TARDE;2*
171;M;99;6;N;2*
172;F;42;4;Mañana;3-
173;m;88;5;M;3
174;F;53;6;Mañana;1+
175;Mas;31;3;Mañana;3-
176;M;30;6;N;1
177;Masculino;88;3;TARDE;2
178;m;39;6;TARDE;4
179;Fem;27;3;N;2
180;M;24;5;N;5
181;Fem;77;4;T;2
182;m;10;4;M;3
183;m;92;3;M;2*
184;Masculino;90;2;M;1+
185;F;64;2;T;2*
186;Mas;71;3;N;5
187;Fem;27;5;N;2
188;m;33;2;TARDE;1+
189;M;;4;T;1
190;M;;3;T;1
191;M;;3;N;1
192;Masculino;;3;N;2*
193;Fem;;3;T;1+
194;M;;NULL;Mañana;2
195;Mas;;6;T;2*
196;Masculino;;4;N;4
197;F;;2;T;2
198;M;;1;M;3-
199;M;;6;Mañana;4
200;Mas;;3;T;2*
201;Mas;;5;N;3
202;Mas;;2;T;2
203;Fem;;1;TARDE;2*
204;Masculino;;1;N;3
205;F;29;4;N;1+
206;M;35;1;M;4
207;M;12;6;N;1
208;Fem;95;NULL;TARDE;2
209;F;99;1;Mañana;2*
210;F;4;1;M;2
211;Masculino;39;3;Mañana;3-
212;Masculino;16;5;TARDE;1+
213;m;38;3;T;3-
214;F;45;6;N;2
215;F;10;2;M;3-
216;m;25;6;TARDE;4
217;F;30;5;Mañana;5
218;Mas;97;6;Mañana;3
219;F;92;5;TARDE;3-
220;m;1;5;N;3-
221;Fem;45;4;T;5
222;Fem;81;5;TARDE;5
223;Fem;32;5;T;1
224;F;44;6;TARDE;3-
225;M;96;4;Mañana;1+
226;F;43;2;TARDE;1+
227;m;89;3;T;3-
228;m;49;3;TARDE;2
229;Fem;81;6;N;3-
230;m;2;4;T;1
231;Mas;71;3;M;1+
232;M;13;6;M;3
233;Masculino;31;1;T;1+
234;F;84;4;TARDE;2*
235;F;4;1;T;1
236;M;4;3;M;3-
237;m;86;3;M;2*
238;M;10;1;T;5
239;M;19;2;T;4
240;m;98;2;N;3
241;Fem;78;5;TARDE;4
242;M;49;1;N;3-
243;Mas;95;6;N;4
244;M;88;3;Mañana;3-
245;Fem;100;3;TARDE;2
246;Mas;64;4;M;1+
247;M;5;4;N;5
248;Masculino;6;6;M;2*
249;Mas;57;3;M;1+
250;Masculino;50;6;M;2*
251;Masculino;62;4;TARDE;1
252;m;16;2;T;4
253;m;68;5;M;3
254;Mas;95;1;T;1
255;Mas;58;3;Mañana;1
256;Fem;92;1;Mañana;5
257;Masculino;97;5;M;3
258;M;23;4;Mañana;5
259;Masculino;96;6;TARDE;3
260;F;43;4;Mañana;4
261;Masculino;36;5;Mañana;1+
262;Mas;22;2;TARDE;2
263;m;63;5;TARDE;3-
264;M;48;5;TARDE;2*
265;Mas;52;5;M;3
266;m;74;2;N;1+
267;M;91;5;Mañana;3-
268;Fem;11;1;Mañana;4
269;m;10;1;Mañana;2*
270;Masculino;29;6;N;1+
271;Fem;63;3;Mañana;4
272;Fem;59;4;T;3
273;Fem;6;1;TARDE;1+
274;M;69;2;T;1
275;M;72;6;Mañana;1+
276;F;5;6;T;3-
277;m;23;6;T;3-
278;m;49;3;T;1+
279;F;64;1;T;2*
280;Masculino;87;2;TARDE;2
281;F;95;3;T;5
282;m;70;4;TARDE;3-
283;Fem;94;6;N;4
284;Mas;1;6;Mañana;2
285;M;59;5;Mañana;2*
286;Fem;2;1;N;1+
287;F;3;4;N;3-
288;Masculino;41;5;T;2*
289;Masculino;75;1;M;3
290;Mas;3;5;Mañana;3-
291;F;69;3;T;3
292;Fem;38;5;TARDE;1
293;Masculino;26;6;TARDE;5
294;Mas;21;2;M;1
295;F;96;1;M;1+
296;m;99;3;T;1+
297;Masculino;70;4;N;5
298;Fem;59;6;N;1+
299;F;86;5;M;3
300;Masculino;47;6;M;3-
301;F;81;6;M;3
302;m;22;2;N;3
303;Masculino;32;2;M;2
304;m;45;2;Mañana;2
305;m;91;4;M;2*
306;F;15;4;T;2
307;Fem;30;1;M;1
308;Mas;27;NULL;T;3
309;F;64;3;N;4
310;M;99;2;M;1
311;M;41;3;Mañana;3-
312;Masculino;46;1;N;1+
313;Mas;5;4;Mañana;2
314;m;69;4;T;5
315;F;64;5;Mañana;4
316;F;56;3;T;2*
317;Fem;9;1;N;1+
318;Masculino;77;2;Mañana;3-
319;m;25;6;M;4
320;Fem;12;4;TARDE;3
321;Masculino;97;3;N;3
322;M;53;2;M;2
323;m;61;6;Mañana;2
324;Mas;38;1;Mañana;1
325;Masculino;6;1;Mañana;4
326;Mas;42;4;N;5
327;Fem;69;6;Mañana;1+
328;M;45;5;N;4
329;Fem;54;1;TARDE;2
330;Masculino;69;5;M;4
331;F;77;3;M;4
332;Fem;83;1;TARDE;4
333;Mas;35;3;M;3
334;Masculino;2;4;TARDE;5
335;Fem;34;3;M;2*
336;Fem;26;5;T;1+
337;Fem;12;6;Mañana;2*
338;Fem;50;4;M;1+
339;F;68;2;Mañana;1+
340;M;36;5;M;3
341;Mas;64;4;T;5
342;F;100;3;Mañana;4
343;m;;4;N;1
344;Mas;;6;TARDE;1
345;Fem;;3;TARDE;2*
346;Fem;;5;N;1
347;Mas;;3;N;1
348;m;;3;Mañana;4
349;m;;5;TARDE;2*
350;m;;2;Mañana;3
351;Masculino;;3;N;2*
352;M;;3;T;5
353;M;;6;Mañana;2*
354;M;;1;T;4
355;Fem;;2;N;5
356;Mas;;1;M;1
357;Masculino;;3;T;3
358;Mas;;2;M;1
359;M;;5;TARDE;5
360;Mas;;2;Mañana;4
361;M;;6;T;4
362;Fem;;2;Mañana;1
363;F;;5;T;3
364;Masculino;;3;Mañana;4
365;Fem;;3;N;3
366;M;;6;TARDE;4
367;Fem;;2;TARDE;2
368;Fem;;1;Mañana;5
369;m;;3;N;4
370;Fem;;2;TARDE;3
371;Mas;;4;T;1+
372;Masculino;;2;M;1+
373;Mas;;2;M;2*
374;m;;6;Mañana;5
375;Mas;;1;Mañana;1+
376;F;;3;M;4
377;F;;1;T;2*
378;Masculino;;3;N;4
379;Fem;;6;M;5
380;Fem;;3;Mañana;2*
381;m;;1;N;4
382;M;;4;TARDE;2
383;F;;5;M;2*
384;F;;3;M;1
385;M;;5;M;3
386;F;;6;M;3
387;F;;5;N;1+
388;Fem;;5;N;2
389;Fem;;3;N;1+
390;Fem;;2;Mañana;3
391;Fem;;3;N;5
392;Mas;;4;T;2
393;F;;4;M;2
394;Fem;;3;TARDE;5
395;Masculino;;3;T;2
396;Fem;;6;N;4
397;F;;5;Mañana;5
398;F;;5;T;5
399;M;;5;N;3-
400;m;;5;Mañana;1
401;Fem;;2;Mañana;5
402;Fem;;4;M;1+
403;Fem;;4;T;1+
404;Mas;;3;Mañana;3
405;M;;6;N;3-
406;Masculino;;2;TARDE;2*
407;Fem;;6;M;5
408;m;;3;TARDE;2*
409;M;;2;Mañana;1+
410;Masculino;;1;T;1+
411;Mas;;1;T;5
412;M;;2;N;1
413;F;;6;Mañana;4
414;F;;6;Mañana;4
415;m;;4;Mañana;2*
416;m;;4;T;3-
417;Fem;;3;T;3
418;m;;1;Mañana;2
419;Mas;;1;M;1
420;M;;6;N;1
421;Masculino;;1;T;4
422;Mas;;5;M;5
423;Fem;;3;TARDE;2
424;Masculino;;5;Mañana;4
425;M;;4;T;5
426;Masculino;;1;Mañana;4
427;F;;3;N;3
428;Masculino;;2;M;5
429;Fem;;1;Mañana;2*
430;M;;6;TARDE;2
431;F;;4;T;1
432;Masculino;;3;N;1+
433;Fem;;1;Mañana;2*
434;Masculino;;3;TARDE;1
435;Fem;;5;TARDE;1
436;m;;4;N;2
437;Fem;;2;N;4
438;Fem;;1;T;1+
439;Masculino;;5;N;3
440;Mas;;6;TARDE;5
441;M;;3;N;1+
442;m;;6;Mañana;2
443;Mas;;2;M;3-
444;Mas;;3;N;2
445;F;;6;T;4
446;M;;3;M;3-
447;m;;2;M;3-
448;Masculino;;6;Mañana;2*
449;m;;5;TARDE;1
450;F;;1;T;2
451;Masculino;;1;M;4
452;Masculino;;2;Mañana;3
453;F;;1;M;2*
454;M;;6;Mañana;4
455;Mas;;4;N;1+
456;F;;1;Mañana;5
457;m;;4;N;1
458;m;;2;Mañana;1+
459;F;;6;T;1
460;m;;3;N;5
461;Mas;;5;Mañana;2*
462;Masculino;;5;N;1
463;M;;4;M;4
464;m;;4;M;3-
465;m;;5;N;1+
466;m;;6;TARDE;2
467;Masculino;;5;TARDE;3
468;m;;2;M;3
469;M;;1;TARDE;2
470;F;;1;Mañana;3
471;m;;3;Mañana;5
472;m;;2;M;3
473;Mas;;6;TARDE;5
474;m;;2;Mañana;1+
475;F;;4;T;1+
476;Fem;;4;N;3
477;m;;3;TARDE;2*
478;Fem;;2;T;2
479;Mas;;2;N;2*
480;M;;3;M;2*
481;Fem;;2;Mañana;4
482;Fem;;6;N;4
483;M;;1;N;1+
484;Fem;;4;N;1+
485;M;;4;N;1+
486;Mas;;4;TARDE;1
487;Fem;92;3;TARDE;5
488;m;78;2;N;3
489;Fem;37;5;TARDE;4
490;M;2;2;Mañana;4
491;F;95;5;TARDE;4
492;Masculino;96;6;M;2*
493;F;62;3;T;1+
494;F;56;3;M;5
495;m;87;1;N;4
496;m;38;3;TARDE;4
497;F;49;4;T;4
498;F;12;6;M;1+
499;Mas;11;1;T;1
500;F;22;1;Mañana;3
501;Mas;8;1;Mañana;2*
502;Mas;96;3;T;2
503;Mas;57;2;T;3
504;M;26;4;N;1
505;M;54;3;TARDE;5
506;Masculino;95;5;M;4
507;Mas;3;2;Mañana;2*
508;M;12;1;TARDE;1
509;Mas;77;1;T;3
510;M;78;2;Mañana;1+
511;Fem;87;1;TARDE;5
512;F;37;5;Mañana;4
513;Masculino;20;1;TARDE;2*
514;m;56;4;Mañana;2
515;Mas;97;4;T;1
516;Masculino;47;1;Mañana;3
517;Mas;10;6;TARDE;2
518;Mas;50;2;M;1
519;m;9;4;Mañana;1+
520;m;92;2;N;1
521;Masculino;100;4;M;2*
522;F;34;6;T;2*
523;Mas;90;1;TARDE;5
524;Mas;47;3;N;2
525;M;70;5;TARDE;2
526;F;3;3;T;2
527;F;97;6;M;3
528;F;59;2;Mañana;1+
529;Fem;20;3;TARDE;2*
530;m;15;5;N;2*
531;F;7;4;N;3
532;Masculino;13;3;N;3-
533;M;69;1;M;1
534;M;76;5;N;2
535;Fem;15;6;N;1
536;F;5;4;T;3-
537;Masculino;39;2;TARDE;4
538;M;92;1;M;4
539;F;60;2;T;2*
540;Masculino;9;6;N;5
541;F;15;2;T;1+
542;M;100;1;N;5
543;Fem;86;1;TARDE;4
544;F;26;6;T;4
545;Fem;77;4;T;1+
546;m;83;5;M;2
547;Masculino;54;2;TARDE;1
548;Mas;26;3;N;5
549;Fem;37;2;N;3
550;Mas;76;2;M;3-
551;Mas;84;2;T;2*
552;m;2;5;T;1+
553;m;1;1;TARDE;2*
554;Masculino;44;5;M;2
555;F;17;1;Mañana;3
556;m;36;2;M;3-
557;F;35;5;TARDE;5
558;Fem;87;6;T;2
559;F;83;6;N;2*
560;m;11;1;T;5
561;F;14;3;Mañana;2*
562;Fem;12;4;N;3
563;Fem;82;2;T;2*
564;M;66;1;N;1
565;F;51;4;Mañana;1+
566;Fem;82;3;Mañana;2*
567;m;42;4;Mañana;1+
568;Mas;90;3;M;1
569;Mas;91;3;N;1+
570;M;55;5;M;3
571;Fem;44;5;Mañana;2
572;Fem;3;6;N;5
573;F;25;4;M;1+
574;Mas;31;6;Mañana;4
575;Masculino;40;2;TARDE;3-
576;F;33;2;M;1+
577;F;37;1;N;2*
578;Mas;92;3;N;5
579;Fem;58;1;TARDE;4
580;M;36;5;T;3
581;Mas;97;3;T;1+
582;Masculino;20;6;TARDE;2
583;Masculino;94;1;N;1
584;Masculino;57;1;T;1+
585;m;94;1;N;1+
586;Mas;48;1;T;2
587;Fem;63;4;TARDE;2*
588;M;45;3;T;3-
589;Fem;69;5;N;3-
590;Mas;25;5;T;1
591;F;57;3;TARDE;3-
592;Masculino;69;1;T;2*
593;m;85;6;N;4
594;Masculino;9;5;T;4
595;F;72;5;T;3
596;Fem;36;6;Mañana;2
597;m;74;6;T;4
598;Masculino;86;2;T;3
599;Fem;23;3;TARDE;3
600;Mas;74;1;M;3
601;F;40;3;N;3
602;M;78;1;T;4
603;M;85;6;TARDE;4
604;F;64;4;M;1
605;Masculino;39;3;Mañana;4
606;F;18;5;TARDE;4
607;Mas;52;5;T;1
608;Fem;49;6;M;2*
609;F;86;6;M;3
610;Masculino;21;3;T;4
611;M;78;2;N;3
612;Fem;98;4;N;3-
613;m;72;5;TARDE;5
614;m;87;3;N;5
615;Mas;94;1;Mañana;3-
616;M;71;5;M;4
617;Mas;84;1;Mañana;1
618;M;100;6;T;1
619;Mas;14;3;TARDE;4
620;M;34;3;N;1+
621;m;33;2;TARDE;3
622;F;28;5;Mañana;5
623;Masculino;51;6;T;1
624;F;98;4;TARDE;3
625;Mas;68;3;TARDE;3-
626;M;58;6;N;2*
627;Fem;94;1;M;5
628;Masculino;72;5;T;3-
629;Masculino;21;1;M;2*
630;Fem;42;1;N;2
631;Masculino;1;3;Mañana;5
632;Fem;30;6;Mañana;2
633;M;96;4;N;1+
634;m;34;5;T;2
635;Fem;95;1;T;2
636;Masculino;31;2;T;3
637;F;71;4;T;1
638;M;45;6;Mañana;2*
639;Masculino;40;4;N;3-
640;m;55;5;T;2*
641;F;9;1;M;5
642;F;25;6;Mañana;3-
643;M;93;3;TARDE;1+
644;F;32;2;Mañana;3
645;Mas;83;4;TARDE;1
646;Mas;75;2;TARDE;1+
647;M;91;1;TARDE;1
648;Fem;35;3;Mañana;1+
649;Mas;53;3;N;4
650;Mas;12;5;M;3
651;M;21;2;TARDE;5
652;Fem;75;5;M;3
653;Masculino;88;4;Mañana;3-
654;Fem;92;6;M;3-
655;F;21;5;Mañana;3-
656;Mas;42;4;T;2
657;M;25;2;M;2*
658;Mas;27;3;Mañana;3
659;m;39;1;Mañana;2*
660;Fem;59;2;T;1+
661;Mas;73;5;T;1
662;Mas;7;5;Mañana;1+
663;Masculino;2;1;TARDE;2*
664;Mas;49;5;Mañana;3
665;Fem;20;5;T;1+
666;M;4;5;TARDE;1+
667;Masculino;10;5;N;5
668;Fem;36;2;M;1
669;F;49;1;N;3-
670;m;59;6;Mañana;3
671;Fem;5;6;T;3
672;Fem;90;5;TARDE;4
673;m;1;1;Mañana;2*
674;F;24;2;Mañana;1+
675;Mas;14;2;Mañana;2
676;M;15;2;Mañana;5
677;Mas;92;2;N;1+
678;Masculino;72;4;TARDE;4
679;Mas;92;3;M;3
680;M;41;4;N;3-
681;m;57;5;N;3-
682;M;23;1;T;1+
683;Mas;39;2;TARDE;1
684;F;34;1;Mañana;5
685;m;21;4;TARDE;5
686;F;88;6;M;4
687;m;21;1;TARDE;4
688;Fem;39;6;TARDE;1
689;M;98;6;N;3
690;F;4;6;N;1
691;Mas;30;1;Mañana;3-
692;Masculino;89;5;T;1
693;F;48;1;M;5
694;F;50;4;Mañana;3-
695;m;61;1;TARDE;1
696;M;56;6;M;3-
697;m;73;5;N;4
698;Mas;71;4;TARDE;3
699;m;8;6;TARDE;5
700;Fem;41;1;M;3
701;F;41;1;N;2*
702;F;6;4;Mañana;4
703;Masculino;15;4;Mañana;2
704;M;17;1;TARDE;2*
705;m;11;4;TARDE;1
706;M;100;3;Mañana;1
707;M;60;5;M;1
708;m;99;5;TARDE;1+
709;Masculino;47;1;M;3-
710;m;80;5;Mañana;1
711;M;81;4;M;3
712;M;4;4;T;2*
713;Mas;50;2;Mañana;1
714;M;80;3;Mañana;1+
715;F;93;1;Mañana;3
716;m;51;2;TARDE;1+
717;Fem;62;2;T;3-
718;m;77;2;M;1
719;Masculino;38;1;M;2
720;F;62;1;M;1+
721;F;71;1;T;1+
722;Fem;17;1;N;2*
723;Masculino;12;6;N;2*
724;M;55;2;T;5
725;F;79;6;N;4
726;Masculino;34;2;N;1
727;Fem;94;4;TARDE;5
728;Masculino;52;4;T;1
729;Fem;27;3;N;2
730;Fem;57;5;M;4
731;Fem;2;6;N;2
732;M;31;3;Mañana;3-
733;Fem;15;4;Mañana;1
734;Mas;66;3;TARDE;2
735;Fem;23;2;M;3-
736;Fem;63;3;T;3
737;Mas;28;3;M;4
738;M;75;2;Mañana;5
739;Masculino;67;5;T;3
740;Masculino;85;6;T;2
741;m;55;1;TARDE;1+
742;m;63;1;M;4
743;F;94;5;M;1+
744;Mas;36;2;N;3-
745;F;29;2;N;1
746;Masculino;65;2;T;3-
747;Masculino;1;6;T;1+
748;Masculino;50;1;N;2
749;Fem;45;3;N;5
750;Masculino;59;4;T;5
751;m;90;5;T;4
752;m;5;2;N;2
753;M;37;6;TARDE;1+
754;F;42;4;T;2*
755;m;18;5;N;1+
756;Fem;86;5;N;2*
757;F;2;6;N;1+
758;F;77;1;N;2
759;m;82;6;M;5
760;Mas;72;1;Mañana;1+
761;Fem;15;2;Mañana;3-
762;m;29;4;TARDE;1
763;F;70;2;T;3
764;Masculino;60;6;TARDE;1
765;Mas;41;3;T;3-
766;Fem;60;2;Mañana;2
767;Fem;28;2;TARDE;2
768;F;50;6;M;4
769;Fem;98;2;T;3
770;Fem;21;4;T;1
771;Masculino;13;3;N;4
772;F;44;2;Mañana;3
773;Masculino;16;1;M;2
774;Fem;49;5;M;5
775;F;38;6;N;3
776;M;79;3;TARDE;2*
777;Fem;70;1;T;5
778;F;84;1;Mañana;2*
779;m;41;5;Mañana;2
780;m;76;1;M;2*
781;Fem;94;5;N;3
782;Mas;36;2;M;4
783;Mas;45;4;N;2*
784;Masculino;30;3;N;3-
785;Mas;97;6;Mañana;4
786;Fem;55;1;Mañana;5
787;M;14;4;M;1
788;m;54;1;T;3
789;Masculino;38;2;Mañana;2*
790;F;57;4;N;3
791;Mas;23;2;Mañana;1+
792;M;29;3;TARDE;4
793;Mas;62;1;N;4
794;F;21;4;T;3
795;m;10;5;M;2*
796;Fem;87;6;M;2
797;Mas;49;1;M;1+
798;Masculino;5;4;N;3
799;Fem;64;5;Mañana;3
800;Fem;67;6;T;3-
801;Mas;70;2;N;2*
802;m;19;6;T;2
803;F;29;2;M;2
804;F;53;5;Mañana;3-
805;M;75;4;N;3-
806;M;13;3;TARDE;1+
807;m;94;3;N;4
808;M;71;4;T;4
809;Masculino;68;4;TARDE;5
810;Masculino;80;1;Mañana;5
811;Fem;87;5;N;2*
812;m;29;4;N;1+
813;Mas;50;4;Mañana;4
814;M;16;3;M;3
815;m;98;6;TARDE;2
816;M;58;1;N;2
817;Mas;79;3;T;4
818;Masculino;75;3;TARDE;5
819;Masculino;48;4;N;1+
820;F;51;2;T;4
821;Masculino;99;5;TARDE;1+
822;Fem;47;6;M;3
823;m;95;1;TARDE;1+
824;Masculino;42;1;M;4
825;Mas;30;4;N;5
826;Mas;36;2;M;2
827;Masculino;48;5;Mañana;5
828;M;26;3;Mañana;3
829;F;1;1;M;4
830;Fem;50;5;N;2
831;M;72;2;N;1+
832;Mas;78;4;N;1+
833;F;18;2;N;3
834;Mas;62;4;T;3
835;m;48;4;TARDE;5
836;M;74;6;T;3
837;Mas;80;2;T;1
838;m;20;3;Mañana;4
839;M;95;6;N;5
840;Mas;5;1;Mañana;3-
841;Masculino;98;2;T;2
842;m;24;2;N;2*
843;Mas;74;4;Mañana;4
844;F;27;1;T;1
845;Masculino;87;4;M;3-
846;F;59;1;Mañana;5
847;Mas;67;2;TARDE;3
848;F;27;4;Mañana;4
849;F;90;6;N;2*
850;Mas;41;2;TARDE;5
851;Masculino;40;2;TARDE;2*
852;Masculino;91;2;TARDE;2
853;M;100;4;N;2*
854;Masculino;41;1;T;1+
855;m;83;4;M;3
856;M;34;4;M;2*
857;F;63;5;M;2
858;F;35;3;N;2*
859;Mas;56;5;T;5
860;M;35;2;TARDE;4
861;M;80;2;N;2
862;Fem;74;1;Mañana;3-
863;Mas;34;1;N;5
864;F;73;2;TARDE;3-
865;m;75;6;T;2
866;Masculino;29;1;Mañana;1
867;m;31;2;T;2
868;Mas;92;6;TARDE;4
869;M;22;4;M;5
870;F;43;4;N;5
871;Fem;49;5;M;3-
872;Fem;66;5;T;2
873;M;94;6;N;2
874;F;31;6;Mañana;3
875;Mas;47;1;N;4
876;M;13;1;T;5
877;Fem;56;5;T;3-
878;Mas;55;2;M;4
879;Fem;63;2;Mañana;1+
880;m;41;3;N;3
881;Fem;11;3;TARDE;1
882;Masculino;33;1;TARDE;3
883;m;26;4;T;2
884;Masculino;16;1;TARDE;2*
885;F;94;3;M;3-
886;Mas;55;2;T;4
887;M;57;4;T;1+
888;Masculino;100;3;Mañana;2
889;Masculino;98;1;Mañana;2
890;m;86;5;T;2
891;Mas;49;5;TARDE;4
892;Fem;78;5;Mañana;2
893;Mas;52;6;T;2*
894;Masculino;22;4;TARDE;2*
895;Fem;67;4;Mañana;2
896;Mas;46;2;T;1
897;Masculino;80;4;TARDE;4
898;F;4;1;N;2*
899;F;51;2;N;1+
900;Fem;64;6;Mañana;4
901;F;94;5;TARDE;5
902;F;59;4;TARDE;1
903;Fem;29;5;T;4
904;F;93;2;T;5
905;F;65;3;TARDE;4
906;Mas;37;1;M;2
907;F;25;4;T;5
908;F;24;4;M;4
909;Fem;89;1;TARDE;2*
910;M;91;3;Mañana;3-
911;m;67;2;Mañana;3
912;Fem;63;1;N;3-
913;Masculino;52;6;Mañana;3-
914;F;66;2;N;4
915;Mas;70;3;T;2*
916;Mas;12;3;M;2*
917;m;37;2;M;5
918;m;64;2;Mañana;4
919;Mas;97;2;M;4
920;M;49;6;N;5
921;M;36;4;T;2*
922;Fem;17;6;M;2*
923;Mas;63;5;T;2
924;Fem;72;5;TARDE;3-
925;M;61;3;T;1
926;Fem;45;2;Mañana;4
927;m;66;2;N;4
928;M;19;4;T;5
929;Masculino;19;2;TARDE;3-
930;Fem;76;3;T;1
931;Mas;82;6;T;5
932;M;19;3;M;2
933;M;7;1;T;5
934;Mas;74;3;Mañana;5
935;Fem;62;5;TARDE;3-
936;Fem;67;3;N;2
937;m;90;3;N;2*
938;Fem;10;6;M;2
939;Masculino;89;3;T;5
940;M;69;5;TARDE;2*
941;Mas;26;2;Mañana;3-
942;M;29;6;TARDE;4
943;Masculino;21;2;N;2*
944;m;27;1;N;4
945;F;60;5;N;4
946;F;96;6;M;3
947;F;4;3;Mañana;2*
948;Masculino;52;6;M;1+
949;Masculino;77;5;TARDE;5
950;Masculino;73;1;M;4
951;m;55;5;N;2
952;m;17;3;TARDE;2*
953;Masculino;96;6;T;2*
954;M;33;5;TARDE;2
955;M;95;4;N;2
956;Mas;13;5;TARDE;5
957;m;11;2;T;1+
958;M;61;3;M;3-
959;F;62;6;N;2
960;m;69;1;N;1+
961;Fem;25;4;T;1
962;Fem;77;2;TARDE;2*
963;Masculino;40;4;TARDE;2
964;Masculino;90;1;T;5
965;M;73;3;N;5
966;Masculino;93;6;M;2
967;M;97;1;M;3-
968;Mas;8;2;TARDE;3
969;Mas;37;4;Mañana;2
970;Masculino;6;4;TARDE;1+
971;Fem;9;3;M;1+
972;m;73;3;T;2*
973;Mas;86;2;M;5
974;M;33;1;Mañana;4
975;m;75;6;N;2
976;Mas;76;1;T;4
977;F;7;3;N;2
978;M;55;3;T;1+
979;Mas;22;3;M;3
980;m;89;2;Mañana;1+
981;F;36;1;TARDE;2
982;Masculino;9;4;T;2
983;Mas;52;4;M;2*
984;F;10;4;M;5
985;M;7;3;M;5
986;F;48;6;T;3-
987;M;78;2;Mañana;5
988;Mas;94;5;M;4
989;Masculino;67;6;N;1
990;Mas;8;4;N;2*
991;Masculino;48;2;M;2*
992;F;96;4;M;2
993;Masculino;87;5;N;1+
994;F;45;5;M;4
995;Mas;58;5;TARDE;3-
996;m;81;3;T;3-
997;Masculino;79;4;TARDE;2
998;Masculino;16;6;T;4
999;Mas;13;2;M;3
1000;Mas;44;1;TARDE;2*
1001;m;13;1;N;1+
1002;Masculino;38;5;N;2*
1003;M;69;4;TARDE;1
1004;Masculino;34;1;Mañana;2*
1005;F;25;5;N;3
1006;M;36;2;Mañana;3-
1007;Mas;35;5;T;3
1008;Fem;69;6;M;4
1009;Fem;28;2;Mañana;4
1010;m;59;2;Mañana;5
1011;Fem;38;3;TARDE;2*
1012;M;90;1;M;1+
1013;Fem;7;2;T;4
1014;Fem;90;6;Mañana;1+
1015;m;23;1;M;4
1016;F;95;5;T;2*
1017;Mas;64;5;Mañana;5
1018;Fem;8;1;M;2
1019;Masculino;65;1;T;5
1020;Mas;70;4;N;1+
1021;M;17;4;TARDE;4
1022;m;39;2;M;4
1023;Mas;51;2;TARDE;2*
1024;m;6;2;Mañana;1+
1025;Masculino;50;6;N;5
1026;M;25;4;M;1+
1027;Mas;31;2;N;5
1028;m;56;4;M;5
1029;Mas;26;1;Mañana;2
1030;M;24;5;M;1
1031;M;96;6;TARDE;3-
1032;Fem;27;4;M;1+
1033;Fem;70;3;M;1+
1034;Mas;65;1;N;3
1035;M;75;2;N;1+
1036;Mas;58;3;Mañana;1+
1037;M;64;1;M;2*
1038;Mas;21;4;M;4
1039;m;95;1;Mañana;5
1040;Fem;67;1;M;2*
1041;Fem;5;2;Mañana;3
1042;m;38;2;T;2*
1043;M;90;2;T;3
1044;Mas;15;5;N;1
1045;Masculino;39;4;M;2*
1046;m;52;4;Mañana;5
1047;F;39;6;TARDE;3
1048;Fem;29;3;T;5
1049;F;87;2;TARDE;4
1050;m;15;2;TARDE;1
1051;Mas;61;1;M;3-
1052;Masculino;33;4;TARDE;1+
1053;Masculino;49;5;Mañana;2
1054;F;47;6;M;2*
1055;M;5;1;TARDE;4
1056;Fem;79;2;T;3
1057;Mas;25;2;N;2*
1058;Masculino;73;5;T;3
1059;Mas;37;6;M;2
1060;Masculino;59;3;T;2
1061;Mas;16;3;TARDE;1
1062;Fem;21;3;N;1+
1063;Fem;62;4;T;3-
1064;M;71;3;M;3
1065;Fem;48;1;Mañana;4
1066;Mas;34;6;M;2*
1067;Mas;54;4;N;3-
1068;Masculino;81;2;TARDE;2*
1069;Masculino;77;6;T;2
1070;Mas;31;6;T;3-
1071;Fem;79;4;M;4
1072;Fem;28;3;Mañana;1+
1073;Masculino;83;5;TARDE;1
1074;Mas;58;2;N;4
1075;F;97;1;TARDE;3-
1076;Masculino;43;1;Mañana;1
1077;Fem;54;5;T;2*
1078;m;83;4;M;4
1079;F;17;1;N;3
1080;Fem;11;3;T;3-
1081;F;21;1;M;1
1082;m;78;2;M;1
1083;F;12;3;T;4
1084;M;4;5;M;3-
1085;F;54;6;Mañana;1+
1086;Masculino;20;2;M;5
1087;Masculino;5;4;TARDE;2
1088;Mas;73;2;N;1
1089;Masculino;94;5;T;1
1090;Mas;58;6;M;5
1091;Masculino;66;3;TARDE;5
1092;F;24;5;TARDE;3-
1093;Mas;42;5;TARDE;1
1094;Mas;66;1;N;4
1095;Masculino;46;1;Mañana;2
1096;F;89;3;M;4
1097;Mas;28;6;M;3
1098;m;4;5;TARDE;1+
1099;F;26;1;N;3
1100;Masculino;96;1;TARDE;4
1101;m;43;6;N;1+
1102;m;17;4;Mañana;1+
1103;M;93;1;M;4
1104;Masculino;5;6;T;5
1105;F;5;4;TARDE;2
1106;M;43;5;Mañana;5
1107;Fem;58;3;M;5
1108;Masculino;63;1;Mañana;2*
1109;M;28;1;T;4
1110;M;54;4;M;1+
1111;Fem;81;2;TARDE;1+
1112;Mas;87;1;Mañana;3-
1113;m;64;4;M;3-
1114;Masculino;55;5;Mañana;2*
1115;Fem;100;1;Mañana;2
1116;F;13;3;TARDE;5
1117;Mas;96;3;Mañana;3-
1118;Fem;58;3;N;3-
1119;F;73;3;T;1+
1120;Mas;24;5;TARDE;2
1121;m;37;5;T;4
1122;F;24;1;TARDE;3-
1123;m;39;2;T;3
1124;F;87;6;Mañana;1+
1125;Mas;16;4;M;2
1126;Fem;5;5;Mañana;1
1127;m;33;1;M;3-
1128;m;49;4;N;1
1129;Fem;97;6;M;5
1130;m;72;2;M;3
1131;Mas;58;3;T;3-
1132;F;58;6;Mañana;4
1133;M;33;6;Mañana;2
1134;M;14;6;N;3-
1135;Masculino;16;3;TARDE;3-
1136;m;44;5;M;3-
1137;F;31;1;T;5
1138;Masculino;64;3;TARDE;4
1139;F;57;6;M;1+
1140;m;81;3;TARDE;4
1141;Masculino;31;6;N;4
1142;Masculino;47;5;TARDE;3-
1143;Mas;22;5;T;3
1144;Fem;86;1;N;4
1145;Mas;37;6;TARDE;3
1146;m;30;1;Mañana;2
1147;Mas;8;4;TARDE;2
1148;Mas;87;5;N;3
1149;F;93;6;Mañana;4
1150;F;79;2;TARDE;1+
1151;Fem;55;4;N;5
1152;Mas;5;6;Mañana;1
1153;M;85;6;Mañana;5
1154;m;35;6;TARDE;2*
1155;m;19;6;TARDE;2
1156;Fem;48;2;Mañana;1
1157;Masculino;39;3;Mañana;1
1158;Masculino;57;1;T;1
1159;Masculino;35;2;M;2*
1160;Masculino;69;4;M;2*
1161;Masculino;50;1;M;3
1162;F;32;6;N;1+
1163;Fem;59;3;Mañana;1+
1164;Masculino;74;6;TARDE;5
1165;Masculino;34;1;Mañana;2
1166;M;10;5;M;5
1167;F;14;3;T;3-
1168;Mas;21;1;N;3-
1169;Mas;50;1;M;1+
1170;F;54;2;Mañana;5
1171;F;37;6;T;2
1172;m;97;2;Mañana;5
1173;Mas;38;5;M;1
1174;m;92;1;N;1
1175;Mas;56;3;N;4
1176;F;88;2;N;3-
1177;Masculino;22;2;Mañana;2
1178;Mas;82;4;T;5
1179;Mas;25;4;Mañana;4
1180;Mas;56;1;T;2*
1181;Fem;66;5;TARDE;1
1182;F;74;2;TARDE;1
1183;Fem;23;3;Mañana;2*
1184;Mas;47;2;T;2
1185;F;51;4;N;4
1186;Masculino;41;5;T;5
1187;Mas;51;1;Mañana;3
1188;F;46;2;TARDE;1+
1189;m;33;4;M;1+
1190;F;50;4;Mañana;4
1191;Mas;67;6;N;1
1192;Mas;80;4;TARDE;2
1193;Masculino;32;3;T;5
1194;Fem;18;4;N;3-
1195;Mas;18;3;Mañana;3
1196;M;59;6;N;2*
1197;M;97;2;N;3-
1198;Masculino;29;3;T;3
1199;Mas;19;3;N;3
1200;M;30;6;M;1+
1201;Fem;51;4;Mañana;2
1202;M;42;5;Mañana;2*
1203;Masculino;48;3;TARDE;3-
1204;F;44;3;Mañana;5
1205;m;69;1;N;1
1206;M;61;4;M;3
1207;m;45;3;N;4
1208;M;53;4;N;3-
1209;Mas;11;6;M;1+
1210;m;90;5;M;4
1211;Fem;80;3;Mañana;5
1212;M;96;5;Mañana;4
1213;Mas;94;6;T;3
1214;M;9;4;N;4
1215;Fem;88;1;T;1+
1216;m;11;3;TARDE;1
1217;Fem;43;4;Mañana;3
1218;Mas;73;5;T;2
1219;Masculino;73;6;TARDE;1+
1220;m;17;4;Mañana;1
1221;m;88;6;M;3-
1222;M;50;6;M;1
1223;F;75;5;TARDE;4
1224;M;37;4;TARDE;1+
1225;Masculino;54;4;N;3-
1226;Masculino;79;2;TARDE;4
1227;Fem;1;3;M;2
1228;F;47;4;N;3-
1229;Fem;79;4;TARDE;4
1230;Fem;60;1;M;1
1231;Masculino;98;3;T;3-
1232;Fem;58;4;TARDE;2
1233;M;49;4;TARDE;2*
1234;F;27;2;M;3
1235;Masculino;84;5;TARDE;2*
1236;Masculino;28;5;T;3-
1237;M;34;2;TARDE;1+
1238;M;55;3;Mañana;1+
1239;m;32;5;TARDE;3
1240;Mas;20;2;M;2*
1241;M;62;4;Mañana;3
1242;Fem;60;6;TARDE;4
1243;F;6;1;M;5
1244;M;51;1;N;1+
1245;M;87;3;Mañana;3-
1246;M;1;1;M;3-
1247;Mas;93;2;Mañana;2
1248;Mas;57;2;TARDE;4
1249;Fem;29;1;TARDE;2
1250;Mas;48;1;Mañana;4
1251;M;99;1;Mañana;3-
1252;Masculino;82;2;N;4
1253;Mas;99;2;N;5
1254;Mas;17;4;N;5
1255;m;2;2;M;4
1256;Masculino;5;3;Mañana;2
1257;F;15;3;T;3
1258;Fem;15;6;T;2
1259;m;30;3;TARDE;1
1260;M;39;4;TARDE;2*
1261;Fem;10;1;T;3
1262;M;29;6;M;3
1263;M;49;3;Mañana;5
1264;Masculino;44;6;T;3
1265;F;42;5;N;4
1266;Fem;78;6;N;3
1267;Masculino;35;2;M;3
1268;m;52;3;T;1
1269;Masculino;4;4;Mañana;2
1270;Masculino;3;5;M;5
1271;m;63;1;N;1
1272;M;1;2;T;1
1273;F;8;1;N;5
1274;Masculino;28;6;M;2
1275;Mas;51;3;Mañana;2
1276;Mas;74;6;T;5
1277;F;88;4;TARDE;3
1278;Fem;43;4;TARDE;1+
1279;Fem;40;6;TARDE;1+
1280;Masculino;63;6;N;1
1281;m;30;1;T;2
1282;M;98;6;T;3-
1283;Fem;32;6;Mañana;1
1284;Mas;8;2;N;2
1285;M;76;2;Mañana;2
1286;Fem;58;4;Mañana;1
1287;m;96;5;TARDE;4
1288;Masculino;96;5;N;2*
1289;m;42;3;T;1+
1290;M;94;6;TARDE;4
1291;F;29;5;T;2*
1292;F;9;5;M;3-
1293;F;29;3;N;2
1294;Fem;6;1;N;2*
1295;Masculino;30;3;N;3
1296;Masculino;75;4;N;3-
1297;Masculino;67;4;M;1
1298;Mas;50;1;M;1
1299;Masculino;40;2;Mañana;3
1300;Masculino;10;5;M;3-
1301;Fem;58;3;T;1+
1302;M;79;5;N;2*
1303;Fem;41;4;Mañana;2
1304;m;12;5;Mañana;3
1305;Masculino;13;5;N;5
1306;Mas;21;4;Mañana;5
1307;m;70;3;TARDE;5
1308;Masculino;53;3;M;5
1309;m;98;5;M;5
1310;Mas;81;4;N;3-
1311;m;62;6;TARDE;1
1312;Masculino;10;3;Mañana;1+
1313;Mas;30;3;TARDE;1
1314;Fem;40;2;N;4
1315;Fem;99;6;T;3
1316;Masculino;37;4;N;2*
1317;Masculino;58;3;N;2
1318;Mas;45;4;Mañana;2*
1319;M;68;6;N;3-
1320;m;36;6;Mañana;3
1321;Fem;39;2;M;1
1322;Fem;1;4;N;3-
1323;Mas;39;6;M;3
1324;Fem;1;5;N;3-
1325;m;87;4;T;3
1326;Mas;41;5;TARDE;3-
1327;Masculino;25;6;N;2
1328;M;74;2;T;3
1329;Masculino;17;2;TARDE;3-
1330;M;47;5;TARDE;1+
1331;F;37;1;TARDE;4
1332;Mas;75;5;TARDE;1+
1333;Fem;99;4;M;2*
1334;F;87;4;M;3
1335;F;95;6;TARDE;1
1336;M;35;2;N;3
1337;F;7;3;TARDE;5
1338;Fem;31;5;M;2
1339;m;30;5;TARDE;4
1340;Masculino;23;3;TARDE;1
1341;M;93;2;Mañana;2*
1342;m;57;4;Mañana;3-
1343;M;43;1;TARDE;3
1344;M;98;6;TARDE;2
1345;Masculino;93;1;M;5
1346;F;50;6;Mañana;2*
1347;m;37;3;M;4
1348;F;48;6;M;4
1349;m;24;2;Mañana;5
1350;m;59;3;TARDE;1
1351;Masculino;21;2;TARDE;4
1352;Masculino;89;5;TARDE;1
1353;M;14;4;N;2
1354;Mas;76;6;M;3
1355;Mas;5;1;M;1+
1356;m;93;6;N;5
1357;Fem;3;2;N;2*
1358;F;9;1;Mañana;5
1359;M;61;4;M;3-
1360;Mas;5;6;M;2
1361;Masculino;81;5;N;1
1362;Fem;32;6;Mañana;2*
1363;Mas;88;1;T;1+
1364;Masculino;16;4;T;1
1365;Mas;86;3;T;5
1366;Masculino;24;6;T;3
1367;F;20;1;N;3-
1368;Mas;91;4;TARDE;5
1369;Fem;95;5;TARDE;3-
1370;Masculino;75;1;M;3-
1371;Masculino;73;6;M;1+
1372;Fem;59;4;TARDE;5
1373;Masculino;38;6;Mañana;1+
1374;Mas;38;6;Mañana;1
1375;Masculino;87;2;M;2*
1376;F;31;1;T;4
1377;Mas;41;6;T;1
1378;Fem;30;3;Mañana;2*
1379;F;67;5;M;1
1380;m;95;6;T;1
1381;Mas;63;1;N;4
1382;M;88;3;T;3-
1383;Mas;7;4;Mañana;3
1384;M;76;5;T;1
1385;Mas;20;2;N;5
1386;Fem;36;4;M;1
1387;Fem;6;6;TARDE;2
1388;M;60;2;M;3
1389;F;65;2;T;3-
1390;M;92;2;Mañana;1+
1391;Fem;77;3;T;2
1392;m;29;4;M;3-
1393;F;22;1;Mañana;3-
1394;M;15;4;Mañana;3
1395;M;26;2;Mañana;5
1396;M;26;5;N;2*
1397;M;2;2;M;2
1398;Masculino;68;3;N;2
1399;m;90;1;T;4
1400;Masculino;64;2;Mañana;3
1401;F;66;4;M;2*
1402;Mas;18;4;M;3
1403;Masculino;31;3;M;1+
1404;Mas;61;2;M;1
1405;Mas;99;5;M;1
1406;Mas;27;5;Mañana;3-
1407;Fem;23;1;M;1
1408;Fem;58;1;N;5
1409;Fem;67;4;TARDE;4
1410;Mas;88;2;N;3-
1411;m;61;6;T;4
1412;m;1;2;N;2
1413;M;5;6;Mañana;1
1414;m;64;5;T;3
1415;Fem;68;5;TARDE;5
1416;Fem;75;5;TARDE;1+
1417;M;66;1;TARDE;5
1418;Mas;24;3;N;3-
1419;M;79;4;M;3
1420;Mas;88;3;M;4
1421;Mas;75;5;Mañana;3
1422;Fem;81;4;N;2
1423;Masculino;39;1;TARDE;3-
1424;Mas;80;3;TARDE;3
1425;Masculino;37;5;Mañana;1
1426;m;96;5;N;5
1427;Masculino;93;3;M;2*
1428;m;89;5;N;3-
1429;F;26;3;T;4
1430;Masculino;71;1;T;2*
1431;M;17;6;M;3
1432;F;66;3;M;3
1433;Fem;55;2;TARDE;3
1434;m;85;1;Mañana;5
1435;Fem;22;3;Mañana;1+
1436;m;43;4;T;1
1437;Fem;35;5;T;2*
1438;Masculino;42;2;N;3
1439;Mas;59;3;M;3
1440;F;21;6;Mañana;2
1441;m;57;2;TARDE;1+
1442;m;42;4;N;3
1443;Mas;1;6;TARDE;1+
1444;Fem;99;3;N;2
1445;M;34;1;TARDE;2
1446;m;92;3;Mañana;1+
1447;Mas;49;1;T;2
1448;F;88;6;TARDE;5
1449;Masculino;11;4;N;2
1450;Masculino;10;6;Mañana;4
1451;Masculino;64;3;N;2*
1452;M;68;5;T;3
1453;M;21;2;Mañana;1
1454;m;29;6;TARDE;2*
1455;Fem;83;2;N;5
1456;Masculino;84;2;TARDE;3
1457;m;42;5;N;3-
1458;Fem;39;4;N;4
1459;Mas;98;5;N;5
1460;Masculino;97;6;Mañana;4
1461;F;34;5;N;4
1462;m;73;2;T;1
1463;M;25;2;TARDE;2
1464;M;76;4;Mañana;2
1465;M;54;5;T;2
1466;Mas;32;3;Mañana;4
1467;M;2;2;M;5
1468;F;37;1;TARDE;2*
1469;Fem;62;3;T;1+
1470;m;92;5;Mañana;4
1471;m;15;5;TARDE;5
1472;Masculino;24;4;T;4
1473;M;71;3;N;1
1474;F;93;3;M;4
1475;Masculino;47;6;Mañana;5
1476;Mas;12;5;M;4
1477;M;58;1;Mañana;3-
1478;m;87;5;TARDE;2
1479;Fem;86;6;M;4
1480;Mas;92;5;N;1+
1481;F;99;3;TARDE;1
1482;Mas;9;4;Mañana;3
1483;Mas;45;5;M;1
1484;Fem;9;2;M;3
1485;M;58;4;N;4
1486;Masculino;91;3;T;3
1487;Fem;51;5;TARDE;1+
1488;m;5;4;TARDE;4
1489;F;95;6;TARDE;5
1490;Mas;70;2;N;1
1491;F;71;6;T;1
1492;Mas;94;3;Mañana;3
1493;m;38;5;M;3
1494;Masculino;70;3;N;3
1495;Masculino;82;4;N;3
1496;M;39;3;M;1
1497;m;17;6;Mañana;4
1498;Mas;3;3;TARDE;4
1499;M;89;1;Mañana;5
1500;Masculino;97;1;TARDE;1
1501;M;90;1;TARDE;5
1502;M;95;5;Mañana;2*
1503;Mas;13;1;M;2
1504;Masculino;52;3;T;2
1505;F;95;5;Mañana;1
1506;Fem;60;4;Mañana;4
1507;F;16;5;TARDE;4
1508;m;28;2;TARDE;1
1509;Masculino;34;1;Mañana;2
1510;M;61;1;T;2
1511;M;69;4;T;4
1512;Mas;27;1;N;1+
1513;m;87;1;N;1+
1514;Masculino;71;5;Mañana;5
1515;Mas;95;2;TARDE;3
1516;M;21;2;M;5
1517;m;50;4;T;2*
1518;Mas;29;2;M;5
1519;M;77;4;TARDE;1+
1520;Fem;84;3;Mañana;2
1521;Masculino;77;4;T;2*
1522;M;46;1;T;5
1523;Masculino;26;3;T;3-
1524;F;79;6;M;2*
1525;Fem;35;2;N;2
1526;M;21;4;TARDE;3
1527;Fem;3;5;Mañana;2
1528;Fem;17;3;M;3
1529;Masculino;73;4;TARDE;1
1530;F;44;2;Mañana;3-
1531;Fem;91;2;TARDE;3
1532;Fem;85;6;M;4
1533;Mas;72;4;M;1
1534;Fem;2;3;M;3-
1535;M;30;2;TARDE;5
1536;m;94;2;T;3-
1537;Mas;81;2;T;2
1538;m;55;3;TARDE;4
1539;m;86;6;M;3-
1540;Fem;50;3;TARDE;2
1541;m;23;4;TARDE;5
1542;M;74;4;TARDE;2
1543;Mas;40;1;TARDE;1+
1544;Mas;32;1;TARDE;3-
1545;Fem;16;6;T;5
1546;F;17;2;Mañana;1+
1547;Fem;53;5;Mañana;1
1548;Masculino;23;4;TARDE;2
1549;Masculino;72;5;M;5
1550;M;33;3;T;3
1551;Fem;92;6;T;3
1552;m;73;2;TARDE;1+
1553;Mas;16;4;M;2
1554;Fem;56;5;T;4
1555;M;81;6;M;2
1556;M;38;6;Mañana;4
1557;Fem;74;5;N;1
1558;M;59;6;T;3-
1559;M;52;4;Mañana;2*
1560;Mas;40;1;TARDE;1
1561;M;100;4;M;2
1562;Fem;96;6;N;3
1563;M;71;5;Mañana;1+
1564;F;20;4;TARDE;1+
1565;m;43;2;N;2*
1566;m;6;5;T;2*
1567;m;25;4;N;4
1568;Mas;51;2;TARDE;5
1569;Masculino;48;2;N;1
1570;Fem;58;3;T;3-
1571;Masculino;27;4;M;5
1572;F;79;2;TARDE;3
1573;Masculino;16;4;Mañana;2*
1574;m;55;2;TARDE;3
1575;m;51;1;N;1
1576;Mas;10;2;Mañana;1+
1577;Mas;55;1;TARDE;1+
1578;Fem;41;1;M;4
1579;Mas;78;4;Mañana;3
1580;Mas;31;4;T;1+
1581;Fem;53;3;TARDE;2
1582;Mas;44;6;Mañana;1+
1583;m;49;4;Mañana;2*
1584;m;92;1;N;5
1585;Masculino;43;4;N;2
1586;Fem;15;3;M;3-
1587;Mas;73;1;Mañana;3
1588;M;48;2;T;4
1589;Mas;55;2;N;5
1590;Fem;93;6;Mañana;1+
1591;m;4;2;N;2
1592;m;94;1;M;1
1593;Fem;77;5;N;3
1594;Mas;55;3;M;4
1595;Fem;85;5;T;4
1596;Mas;66;2;M;2
1597;M;7;3;T;3
1598;Mas;52;3;TARDE;4
1599;Fem;9;2;TARDE;1+
1600;m;91;2;TARDE;1
1601;m;85;2;Mañana;3-
1602;M;72;2;TARDE;3
1603;F;81;4;T;1+
1604;m;24;3;T;1
1605;M;87;5;M;3
1606;Masculino;61;6;TARDE;1
1607;m;51;5;TARDE;2
1608;Fem;15;6;T;1
1609;M;42;5;N;2*
1610;F;73;4;T;4
1611;Fem;1;4;TARDE;1+
1612;Masculino;73;3;Mañana;1
1613;Fem;76;4;T;1
1614;m;1;3;N;5
1615;m;72;1;T;3-
1616;F;38;1;Mañana;3
1617;M;43;1;TARDE;2*
1618;M;38;5;N;4
1619;M;3;6;T;4
1620;Fem;72;5;Mañana;2*
1621;Mas;90;5;TARDE;2
1622;Fem;41;2;TARDE;1
1623;m;47;3;T;3
1624;Fem;13;5;T;2
1625;M;72;1;N;5
1626;M;52;5;M;2*
1627;m;57;5;Mañana;2*
1628;M;72;1;TARDE;5
1629;F;90;6;T;3-
1630;M;6;3;TARDE;1
1631;F;3;6;Mañana;4
1632;Fem;70;2;N;3
1633;Mas;16;2;N;4
1634;Fem;73;6;Mañana;4
1635;F;78;3;M;5
1636;Fem;22;4;M;1+
1637;Mas;77;5;N;4
1638;Masculino;38;3;M;4
1639;m;76;2;M;3-
1640;F;28;6;N;3
1641;M;87;6;T;1+
1642;M;14;1;TARDE;5
1643;Fem;40;4;N;4
1644;m;35;4;Mañana;3
1645;Fem;52;2;M;2
1646;M;44;1;TARDE;2*
1647;Fem;7;5;M;2*
1648;Masculino;18;2;N;2
1649;F;7;5;T;5
1650;Fem;91;3;T;5
1651;m;54;5;TARDE;2
1652;F;69;4;Mañana;1
1653;M;50;6;Mañana;2*
1654;F;90;3;N;3
1655;Masculino;21;2;T;3
1656;Fem;55;5;N;2
1657;Fem;63;5;N;2
1658;F;90;1;T;4
1659;Mas;80;3;T;4
1660;Fem;57;4;N;4
1661;F;35;6;M;5
1662;Mas;18;4;Mañana;1+
1663;Fem;98;5;N;2*
1664;F;29;1;M;3-
1665;Mas;32;5;TARDE;2*
1666;F;30;2;TARDE;3-
1667;Mas;45;5;T;3
1668;Mas;38;1;TARDE;1
1669;m;26;5;M;5
1670;m;24;1;TARDE;5
1671;Fem;68;6;M;1+
1672;Mas;3;6;M;4
1673;F;96;6;TARDE;2
1674;Fem;59;2;TARDE;3
1675;Masculino;71;3;M;2
1676;M;64;4;Mañana;4
1677;Fem;85;5;T;2
1678;M;26;6;N;3
1679;Fem;25;4;TARDE;2*
1680;m;2;4;Mañana;1
1681;Masculino;87;3;M;2
1682;F;97;4;Mañana;2*
1683;Mas;98;3;Mañana;5
1684;Fem;64;4;T;1
1685;m;1;3;Mañana;2*
1686;Fem;18;2;N;2
1687;m;74;4;Mañana;1
1688;m;58;1;TARDE;1+
1689;m;67;6;TARDE;4
1690;Fem;28;4;TARDE;1+
1691;Masculino;10;2;T;1+
1692;m;55;4;N;1
1693;m;20;3;M;2
1694;m;23;2;N;5
1695;M;42;4;Mañana;1+
1696;m;39;2;M;4
1697;F;26;5;T;2
1698;Masculino;14;2;M;2
1699;Masculino;45;6;N;4
1700;M;100;1;T;3-
1701;m;31;4;T;3
1702;Masculino;2;5;TARDE;2*
1703;Fem;8;2;N;3
1704;Fem;40;1;N;4
1705;M;37;4;T;1+
1706;Masculino;99;6;N;3-
1707;M;3;2;TARDE;4
1708;Mas;39;3;M;1+
1709;Masculino;78;2;N;4
1710;Masculino;27;5;Mañana;2*
1711;Masculino;3;6;N;3-
1712;Masculino;25;6;TARDE;1
1713;Fem;25;6;T;1
1714;Fem;36;2;M;4
1715;F;100;4;T;1
1716;Masculino;41;5;N;5
1717;M;22;4;M;1+
1718;F;14;1;N;3-
1719;m;34;4;N;4
1720;Mas;31;2;T;1
1721;M;19;3;T;1
1722;Mas;95;4;TARDE;4
1723;F;1;4;N;3-
1724;Masculino;17;6;Mañana;4
1725;Mas;52;1;N;5
1726;Masculino;8;2;N;3
1727;Masculino;29;1;Mañana;2*
1728;Masculino;50;4;M;2*
1729;Mas;62;6;N;3-
1730;M;43;1;M;4
1731;F;10;4;N;4
1732;m;84;5;T;1+
1733;m;47;5;T;1+
1734;F;39;1;N;3-
1735;F;92;2;Mañana;1
1736;M;17;1;M;2*
1737;F;76;2;N;5
1738;M;19;1;T;1
1739;m;83;2;TARDE;3-
1740;m;41;1;M;3
1741;Mas;28;1;Mañana;3
1742;m;53;3;Mañana;3-
1743;m;44;4;T;1+
1744;Fem;30;5;T;3-
1745;Fem;61;6;M;1+
1746;Fem;3;1;M;1+
1747;m;81;6;N;3-
1748;F;50;5;M;3-
1749;M;71;2;M;2*
1750;m;51;5;M;2*
1751;Mas;43;2;M;1+
1752;Mas;28;1;N;1
1753;M;83;3;TARDE;1+
1754;Fem;45;1;T;2
1755;Mas;53;3;TARDE;2
1756;m;46;6;TARDE;1
1757;Fem;92;6;T;3
1758;F;8;6;T;4
1759;M;33;3;Mañana;2
1760;m;18;2;N;1+
1761;M;70;6;M;2*
1762;Masculino;100;1;N;3-
1763;Masculino;26;3;TARDE;1
1764;F;49;1;N;5
1765;Masculino;70;2;M;3-
1766;Mas;72;1;M;1+
1767;m;93;6;TARDE;5
1768;F;95;2;N;5
1769;Masculino;54;4;N;1
1770;M;68;2;T;4
1771;Masculino;94;2;T;2*
1772;M;50;1;N;4
1773;M;13;3;Mañana;2
1774;M;31;5;T;1+
1775;Masculino;78;5;TARDE;2
1776;Fem;97;5;T;3
1777;m;26;6;M;2*
1778;F;51;1;Mañana;1
1779;Masculino;41;2;T;2
1780;Masculino;97;3;TARDE;4
1781;M;37;6;N;2
1782;Mas;51;4;M;3
1783;M;35;6;T;1+
1784;m;17;5;N;5
1785;Mas;51;6;N;1
1786;Masculino;90;2;Mañana;1
1787;Fem;84;2;T;2
1788;F;22;1;Mañana;4
1789;M;17;4;M;2
1790;F;1;2;N;2*
1791;F;89;6;T;2*
1792;m;4;2;N;5
1793;M;8;3;T;4
1794;F;3;3;T;3
1795;Mas;15;2;TARDE;5
1796;m;9;1;TARDE;1
1797;Fem;66;5;N;1
1798;M;60;3;N;2
1799;Fem;62;6;Mañana;2
1800;Masculino;10;5;N;5
1801;Masculino;40;6;N;4
1802;Fem;23;5;Mañana;2*
1803;M;24;1;N;2
1804;M;99;6;Mañana;3
1805;m;34;5;N;5
1806;F;40;4;T;2
1807;m;71;2;TARDE;1+
1808;Masculino;26;3;M;1
1809;M;42;6;Mañana;3
1810;M;19;2;Mañana;3-
1811;F;5;6;TARDE;1+
1812;m;26;6;M;3-
1813;Mas;75;4;N;4
1814;Mas;98;2;T;2
1815;Mas;95;5;M;4
1816;M;36;4;T;2
1817;Masculino;44;2;N;3-
1818;F;53;1;T;2
1819;Mas;97;3;M;4
1820;F;55;5;M;1
1821;M;78;1;N;1
1822;Masculino;93;5;N;3-
1823;m;93;6;T;1+
1824;Mas;54;3;Mañana;4
1825;m;22;3;Mañana;5
1826;Masculino;27;5;T;4
1827;m;75;6;Mañana;1
1828;M;85;5;TARDE;4
1829;M;92;4;T;3
1830;M;44;5;N;3-
1831;Fem;81;3;N;2
1832;m;39;2;N;4
1833;Fem;29;4;N;2
1834;Mas;82;6;M;5
1835;Mas;68;6;TARDE;2*
1836;Fem;74;6;Mañana;2*
1837;m;22;4;M;3-
1838;m;54;3;TARDE;3-
1839;F;64;1;Mañana;2*
1840;m;69;5;T;3-
1841;m;4;2;M;3-
1842;M;26;4;Mañana;3
1843;Fem;68;6;TARDE;3-
1844;m;10;1;TARDE;1
1845;Fem;98;1;T;1+
1846;M;94;5;N;1+
1847;Fem;59;5;Mañana;1+
1848;Fem;85;5;Mañana;2*
1849;m;4;5;Mañana;5
1850;F;46;6;Mañana;1
1851;Mas;54;2;M;3
1852;m;100;5;M;2
1853;Mas;55;4;Mañana;1+
1854;Mas;73;3;M;3-
1855;m;17;5;TARDE;3-
1856;Mas;68;2;N;4
1857;Mas;35;2;N;1
1858;F;7;5;N;3-
1859;m;94;2;M;4
1860;m;66;6;T;1+
1861;F;67;3;N;4
1862;Fem;87;1;N;1
1863;Mas;35;2;N;1
1864;M;81;3;M;1+
1865;Masculino;56;1;T;1
1866;Fem;36;3;N;1+
1867;F;95;3;TARDE;3-
1868;M;69;2;T;1
1869;F;74;1;M;5
1870;Fem;58;1;M;2
1871;F;45;6;N;2*
1872;Fem;62;3;Mañana;4
1873;Fem;18;4;TARDE;3-
1874;Masculino;74;1;N;3-
1875;Fem;81;5;M;1+
1876;Mas;92;1;M;2
1877;Masculino;37;4;T;3
1878;Mas;48;6;M;1+
1879;Mas;90;6;N;3-
1880;m;52;3;T;1
1881;F;56;2;N;3
1882;Mas;61;2;T;1
1883;F;55;6;Mañana;2*
1884;M;65;5;N;3
1885;M;83;4;Mañana;4
1886;Mas;71;3;T;4
1887;F;96;5;Mañana;3
1888;M;9;3;TARDE;3-
1889;Masculino;31;3;T;4
1890;Fem;97;4;Mañana;1
1891;Fem;31;1;T;1+
1892;Masculino;27;2;T;1
1893;Masculino;4;5;M;1
1894;Mas;27;3;M;5
1895;M;89;3;T;2
1896;M;24;1;Mañana;1+
1897;Fem;85;4;N;2
1898;M;51;5;Mañana;3-
1899;M;23;3;M;2*
1900;Mas;30;2;TARDE;3-
1901;Fem;98;6;N;5
1902;Masculino;8;1;Mañana;1
1903;F;4;6;N;2*
1904;Mas;51;4;T;5
1905;m;32;1;Mañana;1+
1906;Mas;85;5;TARDE;3
1907;m;92;5;T;4
1908;Masculino;13;2;M;4
1909;m;38;5;M;1
1910;F;79;4;TARDE;3-
1911;F;76;3;TARDE;5
1912;Masculino;56;4;M;2*
1913;m;37;5;Mañana;1
1914;Fem;56;2;TARDE;1
1915;F;1;3;M;3
1916;Mas;39;6;TARDE;4
1917;F;48;4;N;1+
1918;Fem;21;2;T;3-
1919;Masculino;27;1;Mañana;2*
1920;m;11;3;M;5
1921;Fem;79;3;TARDE;3-
1922;Masculino;37;6;M;5
1923;Fem;54;6;N;2
1924;Fem;35;1;Mañana;1+
1925;M;43;4;T;2
1926;m;95;4;TARDE;5
1927;m;79;5;T;4
1928;Masculino;47;2;M;1+
1929;m;80;2;M;1+
1930;Fem;43;5;TARDE;3-
1931;m;24;1;N;2*
1932;F;64;3;TARDE;4
1933;m;54;5;N;2*
1934;F;36;5;M;5
1935;Fem;41;1;M;4
1936;Mas;57;2;M;1
1937;Mas;44;2;Mañana;1
1938;Fem;96;6;M;3
1939;F;39;2;TARDE;1
1940;F;73;6;Mañana;2
1941;Mas;60;4;T;3-
1942;Fem;76;1;N;2
1943;Masculino;76;4;M;1
1944;Fem;91;6;T;3-
1945;F;81;6;TARDE;4
1946;m;77;1;T;2*
1947;M;38;1;Mañana;3
1948;F;41;1;T;5
1949;M;31;1;T;1
1950;Masculino;94;3;Mañana;3-
1951;Fem;49;1;N;3-
1952;Fem;98;5;N;4
1953;m;54;6;T;3-
1954;m;74;3;Mañana;1
1955;M;46;3;T;3-
1956;Fem;24;5;T;3-
1957;F;23;1;N;5
1958;Fem;9;5;T;4
1959;Fem;61;1;M;3
1960;F;13;4;TARDE;1
1961;Mas;79;6;N;5
1962;m;18;3;Mañana;3-
1963;Masculino;79;4;T;1+
1964;M;71;4;M;5
1965;Masculino;77;4;TARDE;5
1966;M;43;4;Mañana;3-
1967;M;82;2;TARDE;1+
1968;Fem;76;5;M;4
1969;Masculino;11;3;N;1+
1970;m;96;4;N;1
1971;Masculino;19;4;TARDE;4
1972;Masculino;39;5;M;1+
1973;Masculino;100;6;M;5
1974;M;39;6;M;2
1975;F;9;1;N;1
1976;Mas;37;4;T;4
1977;m;70;6;M;1
1978;M;2;1;M;3
1979;Fem;27;4;T;2*
1980;Masculino;88;1;TARDE;3-
1981;Masculino;36;6;Mañana;2
1982;F;44;2;Mañana;2*
1983;M;78;6;T;1+
1984;Masculino;80;1;T;2*
1985;Mas;83;5;Mañana;4
1986;Mas;34;1;TARDE;5
1987;M;50;6;N;3
1988;Fem;20;2;N;3-
1989;F;93;4;M;2
1990;Masculino;95;6;N;3-
1991;M;100;6;M;1
1992;m;44;3;TARDE;2
1993;F;74;4;M;4
1994;Mas;97;6;N;4
1995;Mas;40;6;Mañana;2
1996;F;51;3;Mañana;4
1997;F;98;2;N;1+
1998;M;30;6;TARDE;3
1999;Fem;31;4;Mañana;2*
2000;m;41;2;M;1+
2001;Fem;29;3;TARDE;5
2002;Mas;86;3;Mañana;1+
2003;Mas;39;2;Mañana;4
2004;Fem;21;4;TARDE;3-
2005;m;89;3;Mañana;2*
2006;Masculino;99;5;TARDE;5
2007;M;50;3;T;3-
2008;Masculino;52;5;M;2*
2009;M;53;5;TARDE;3-
2010;Fem;11;2;M;1+
2011;F;52;4;Mañana;3
2012;F;4;2;N;2*
2013;M;22;5;N;5
2014;Masculino;83;5;M;3-
2015;Masculino;67;6;Mañana;1
2016;Fem;51;6;TARDE;4
2017;Fem;46;1;TARDE;3-
2018;M;28;3;T;2
2019;M;13;1;TARDE;2*
2020;M;78;5;TARDE;4
2021;M;9;4;Mañana;3
2022;Masculino;77;4;T;1+
2023;Fem;64;5;Mañana;1
2024;F;29;5;M;1
2025;F;7;1;TARDE;5
2026;F;100;1;M;1
2027;Masculino;36;3;TARDE;4
2028;m;65;5;M;1+
2029;m;24;6;T;3
2030;Fem;64;5;M;3
2031;Mas;24;4;M;3-
2032;m;53;3;TARDE;3-
2033;Masculino;8;3;N;4
2034;F;26;1;Mañana;3-
2035;M;46;2;N;2*
2036;Masculino;84;6;TARDE;3-
2037;Fem;54;1;M;5
2038;Masculino;48;2;TARDE;5
2039;Fem;56;1;T;3-
2040;Mas;5;3;TARDE;1
2041;Fem;17;2;M;3
2042;Fem;47;6;TARDE;5
2043;Mas;54;1;T;2*
2044;m;78;6;M;2*
2045;Fem;27;4;Mañana;5
2046;M;86;5;Mañana;2*
2047;M;55;2;N;1
2048;m;18;6;Mañana;1+
2049;Fem;72;5;M;3-
2050;Fem;62;2;M;3
2051;m;78;2;N;3-
2052;Masculino;82;6;N;3-
2053;F;85;6;N;2*
2054;m;47;1;TARDE;4
2055;Fem;66;3;Mañana;2
2056;Mas;75;3;Mañana;5
2057;F;85;2;Mañana;4
2058;Fem;67;4;M;2*
2059;Masculino;14;1;M;1
2060;Masculino;97;1;T;2*
2061;M;85;4;T;3-
2062;M;69;3;T;3
2063;m;84;4;T;4
2064;Fem;98;3;T;2
2065;m;51;5;T;5
2066;Mas;42;3;T;3-
2067;Fem;40;4;T;4
2068;m;85;1;N;2
2069;Masculino;87;1;Mañana;2*
2070;Masculino;98;1;M;1
2071;Masculino;23;6;N;3-
2072;m;14;4;N;3-
2073;m;31;6;M;3
2074;m;33;6;M;2
2075;Masculino;7;1;TARDE;2
2076;m;8;1;N;1
2077;m;83;3;T;3
2078;Masculino;98;2;M;2
2079;F;17;1;N;3
2080;M;20;3;TARDE;3
2081;m;93;1;N;3
2082;Masculino;61;1;Mañana;3
2083;F;36;2;T;4
2084;m;23;1;Mañana;2
2085;Fem;24;2;N;3-
2086;m;11;1;TARDE;3-
2087;Fem;35;6;N;4
2088;Mas;73;2;M;3-
2089;Mas;9;2;Mañana;1
2090;M;100;5;N;1
2091;F;5;1;TARDE;1+
2092;M;89;1;M;4
2093;F;69;4;M;3
2094;Fem;26;6;N;3-
2095;m;72;4;M;5
2096;F;73;3;T;2*
2097;Masculino;24;5;Mañana;2
2098;Mas;31;4;N;3-
2099;Fem;3;6;M;3-
2100;Mas;80;5;M;2
2101;M;15;2;M;4
2102;M;86;2;N;5
2103;m;30;2;T;5
2104;m;57;3;N;2*
2105;Mas;99;3;M;3-
2106;Masculino;50;4;Mañana;1
2107;m;41;6;M;4
2108;F;65;6;TARDE;2
2109;Fem;82;3;M;3-
2110;Mas;74;5;M;3-
2111;m;70;5;Mañana;5
2112;Mas;4;2;TARDE;1
2113;Masculino;54;2;M;2*
2114;Mas;42;5;TARDE;4
2115;F;60;4;N;3-
2116;M;50;5;T;2*
2117;Mas;82;5;T;4
2118;M;33;2;T;3
2119;Masculino;64;1;Mañana;1+
2120;Fem;28;1;Mañana;1+
2121;M;75;6;M;4
2122;m;59;3;T;5
2123;Masculino;72;3;N;2
2124;Mas;58;4;N;4
2125;M;51;4;M;1
2126;F;8;4;N;1+
2127;Masculino;53;6;Mañana;2*
2128;Fem;40;4;Mañana;2*
2129;M;56;1;M;3
2130;Masculino;87;3;Mañana;2*
2131;Masculino;31;2;T;3-
2132;Masculino;2;6;N;1
2133;m;63;2;Mañana;1
2134;F;78;2;N;2*
2135;Mas;24;1;N;2*
2136;Mas;44;3;N;3-
2137;m;40;2;T;1+
2138;m;41;5;N;2
2139;m;33;6;TARDE;4
2140;Fem;40;3;M;3-
2141;Masculino;42;5;TARDE;4
2142;m;23;1;M;3
2143;m;73;2;M;2
2144;Mas;86;5;M;1
2145;m;88;6;M;3-
2146;F;4;3;M;2*
2147;M;29;4;Mañana;2*
2148;Fem;67;3;T;4
2149;M;72;6;T;3-
2150;M;53;6;N;2*
2151;M;39;5;M;3-
2152;Masculino;11;4;TARDE;4
2153;Mas;71;3;N;4
2154;m;33;4;T;2*
2155;Mas;61;1;TARDE;1
2156;Fem;5;5;TARDE;2
2157;F;70;1;Mañana;3-
2158;Fem;44;6;TARDE;1+
2159;M;93;2;N;5
2160;Fem;45;4;N;1
2161;F;67;1;M;1
2162;Mas;1;5;TARDE;3-
2163;Masculino;98;5;Mañana;3
2164;Masculino;55;4;M;1+
2165;M;4;3;M;2*
2166;Fem;35;3;M;5
2167;F;84;3;Mañana;1
2168;M;66;2;T;1+
2169;m;13;4;N;3-
2170;m;96;4;Mañana;3
2171;F;44;1;TARDE;4
2172;Fem;65;5;M;3-
2173;Masculino;1;6;N;1+
2174;m;92;3;T;1
2175;F;64;4;M;2
2176;Mas;15;6;TARDE;1
2177;m;15;1;M;1
2178;Fem;91;2;TARDE;1+
2179;Fem;19;6;M;1
2180;M;8;1;Mañana;1
2181;M;9;1;T;1+
2182;m;52;5;M;2*
2183;Masculino;89;1;N;2*
2184;Fem;28;1;N;2*
2185;M;22;1;N;4
2186;Masculino;47;2;TARDE;2*
2187;M;43;6;N;1
2188;Masculino;37;6;M;3
2189;Mas;29;2;M;1+
2190;F;65;4;N;4
2191;F;60;5;T;5
2192;Fem;93;6;T;1
2193;m;43;5;T;1
2194;F;63;3;T;2*
2195;Mas;57;3;Mañana;3-
2196;m;42;4;N;1
2197;Masculino;52;5;N;3-
2198;M;20;4;N;3
2199;m;2;5;TARDE;1+
2200;Fem;36;4;TARDE;5
2201;Fem;33;6;TARDE;4
2202;M;38;1;M;1+
2203;Mas;88;5;Mañana;4
2204;M;36;2;TARDE;1
2205;Masculino;66;2;M;1+
2206;M;34;1;TARDE;2
2207;Fem;13;4;N;2*
2208;Mas;59;3;TARDE;2
2209;F;89;4;M;1
2210;F;40;6;M;2
2211;Masculino;81;3;TARDE;2*
2212;m;38;2;N;3-
2213;Masculino;85;6;Mañana;5
2214;m;50;1;N;2*
2215;m;82;2;M;4
2216;M;80;4;Mañana;2
2217;M;100;2;TARDE;3
2218;Fem;99;4;Mañana;5
2219;F;77;4;N;2
2220;F;79;3;Mañana;1
2221;M;43;5;M;3
2222;Mas;66;5;TARDE;1+
2223;F;1;6;T;1
2224;F;97;3;T;1
2225;m;88;6;Mañana;5
2226;Fem;30;4;N;1
2227;Masculino;32;2;TARDE;1
2228;Masculino;100;4;T;4
2229;M;51;2;T;2*
2230;m;71;1;M;5
2231;F;76;2;TARDE;1
2232;M;93;3;TARDE;1
2233;M;90;3;T;3-
2234;Fem;62;3;TARDE;3
2235;Fem;26;2;M;2*
2236;m;48;3;TARDE;2
2237;M;70;1;N;5
2238;Mas;67;2;N;4
2239;M;60;3;T;2*
2240;m;80;6;TARDE;4
2241;m;78;2;N;2*
2242;M;64;6;M;3-
2243;Masculino;99;4;M;3
2244;Mas;67;1;Mañana;4
2245;Fem;13;5;T;2
2246;m;35;6;N;1
2247;M;72;3;Mañana;2*
2248;F;100;2;T;5
2249;Fem;15;6;Mañana;4
2250;m;18;4;Mañana;2
2251;F;15;1;Mañana;3-
2252;F;67;5;Mañana;2*
2253;M;62;2;T;4
2254;Masculino;44;1;N;1+
2255;m;44;3;N;2
2256;M;12;3;Mañana;1+
2257;Mas;99;6;T;1
2258;Fem;87;3;T;1
2259;M;78;3;M;3
2260;Mas;31;5;Mañana;5
2261;Masculino;34;3;TARDE;1
2262;m;59;2;Mañana;4
2263;Fem;3;3;N;3
2264;M;33;5;T;2*
2265;Fem;75;4;T;1+
2266;m;70;5;M;4
2267;F;61;4;N;3-
2268;Masculino;64;4;N;3-
2269;F;88;6;T;3
2270;Masculino;89;3;N;3-
2271;M;82;2;TARDE;5
2272;Mas;38;5;N;3-
2273;Fem;84;3;TARDE;2
2274;m;68;6;Mañana;2*
2275;Mas;88;5;N;2*
2276;Masculino;97;1;TARDE;4
2277;Fem;19;5;TARDE;2*
2278;Mas;72;5;M;1+
2279;Mas;22;1;T;5
2280;Fem;42;3;T;4
2281;Mas;80;1;TARDE;5
2282;Masculino;43;4;T;2
2283;Fem;28;5;M;4
2284;Fem;53;4;TARDE;5
2285;F;23;1;T;3-
2286;m;87;4;TARDE;2*
2287;Masculino;3;1;N;2*
2288;Masculino;1;3;T;3-
2289;m;86;3;T;2
2290;Mas;15;6;Mañana;1+
2291;Mas;88;3;M;3-
2292;F;87;2;T;1+
2293;F;53;2;M;1+
2294;Masculino;16;5;TARDE;1+
2295;M;80;3;N;2*
2296;F;94;3;N;1
2297;Mas;62;4;TARDE;3-
2298;Mas;5;2;Mañana;1
2299;Mas;19;5;T;4
2300;Masculino;46;6;TARDE;4
2301;m;85;2;Mañana;2
2302;Mas;84;1;Mañana;2
2303;Masculino;28;4;TARDE;2
2304;Masculino;58;4;T;1+
2305;Fem;20;6;TARDE;5
2306;Masculino;53;1;Mañana;2
2307;F;50;5;Mañana;2*
2308;Masculino;42;5;M;1+
2309;Masculino;86;4;TARDE;1+
2310;Mas;55;5;Mañana;2*
2311;Masculino;77;5;N;1
2312;m;2;1;TARDE;2
2313;Masculino;46;4;N;3-
2314;Mas;27;2;Mañana;5
2315;Fem;62;5;M;3
2316;M;30;4;TARDE;3
2317;Fem;35;4;TARDE;1+
2318;Masculino;90;3;T;2*
2319;m;9;3;TARDE;1+
2320;m;92;1;T;1+
2321;Masculino;75;6;M;1+
2322;m;88;3;Mañana;1
2323;F;77;3;N;2
2324;Mas;3;3;M;5
2325;M;89;5;TARDE;2*
2326;Fem;39;5;T;1+
2327;Fem;8;1;TARDE;3
2328;Masculino;9;2;N;3
2329;Mas;86;1;Mañana;2*
2330;Mas;44;4;M;4
2331;m;70;6;TARDE;2*
2332;Mas;16;2;M;1+
2333;Masculino;1;4;M;5
2334;M;90;3;M;3
2335;Fem;50;4;TARDE;4
2336;F;85;3;TARDE;3
2337;M;27;3;T;3-
2338;Mas;62;4;TARDE;2
2339;Fem;41;5;Mañana;1
2340;M;30;4;Mañana;2*
2341;Mas;82;6;Mañana;1
2342;Masculino;70;6;T;3-
2343;Mas;85;4;T;1
2344;Mas;48;4;N;4
2345;M;66;1;T;1+
2346;M;14;5;TARDE;1
2347;M;89;1;M;2*
2348;F;33;1;N;2
2349;Masculino;22;2;T;5
2350;Fem;57;3;TARDE;3-
2351;Mas;15;6;TARDE;2
2352;Mas;85;5;Mañana;4
2353;Fem;93;5;Mañana;5
2354;Masculino;100;6;N;4
2355;Fem;32;4;N;3-
2356;m;42;4;M;2
2357;F;45;5;Mañana;2*
2358;Masculino;49;5;N;3
2359;m;88;2;M;3-
2360;Mas;18;6;TARDE;5
2361;Masculino;89;3;N;4
2362;Mas;21;2;Mañana;4
2363;m;89;6;T;4
2364;Mas;43;4;T;3-
2365;F;41;4;M;2*
2366;m;77;5;N;1+
2367;Mas;66;5;N;2
2368;F;79;4;TARDE;2
2369;m;82;1;N;3-
2370;Masculino;15;3;TARDE;5
2371;m;45;4;TARDE;1+
2372;Mas;46;1;N;3-
2373;F;64;4;N;3
2374;F;88;2;T;1
2375;F;11;2;T;3
2376;M;38;5;T;4
2377;Mas;94;3;TARDE;3
2378;Fem;63;2;N;4
2379;Mas;76;6;M;3-
2380;Masculino;95;5;T;3
2381;Masculino;74;6;Mañana;1+
2382;m;89;3;Mañana;3-
2383;Fem;46;4;TARDE;5
2384;Masculino;52;5;TARDE;5
2385;Fem;39;2;TARDE;1+
2386;m;87;2;N;3
2387;Fem;61;3;Mañana;2
2388;Fem;92;5;T;2*
2389;Fem;4;4;N;1
2390;M;80;1;N;2
2391;m;38;2;TARDE;1+
2392;F;34;2;M;2
2393;m;20;2;N;2*
2394;Masculino;70;4;T;1+
2395;F;62;3;T;2*
2396;m;65;5;T;5
2397;F;43;4;N;1+
2398;Mas;40;3;M;1
2399;Fem;93;5;TARDE;3
2400;Mas;32;2;Mañana;3-
2401;m;60;6;N;1
2402;Mas;70;3;N;1+
2403;Masculino;47;1;TARDE;2
2404;m;86;1;M;1
2405;Mas;73;1;N;1
2406;m;2;5;TARDE;2
2407;M;53;4;T;3
2408;F;58;2;N;3-
2409;Fem;91;1;TARDE;5
2410;Fem;78;1;N;5
2411;Masculino;94;1;N;4
2412;Masculino;65;2;N;3-
2413;M;79;3;T;1
2414;m;53;1;M;5
2415;m;40;5;T;3-
2416;m;28;1;M;4
2417;Masculino;97;4;T;3
2418;Masculino;58;1;M;2*
2419;F;30;6;TARDE;2
2420;M;80;2;N;5
2421;Masculino;34;1;N;2
2422;Fem;98;4;T;3
2423;Mas;57;4;N;3-
2424;Fem;80;3;N;1+
2425;Masculino;49;5;T;3
2426;Mas;61;2;N;4
2427;M;45;4;Mañana;4
2428;Fem;27;1;TARDE;5
2429;m;21;2;N;1+
2430;Fem;18;2;T;3
2431;Masculino;20;5;Mañana;2
2432;F;39;5;TARDE;2*
2433;m;34;1;N;1
2434;F;26;1;T;3-
2435;Mas;75;2;M;3
2436;m;36;1;N;2*
2437;m;39;3;N;1+
2438;Fem;39;5;Mañana;2*
2439;Mas;57;2;Mañana;1
2440;Masculino;39;4;TARDE;1
2441;Mas;53;1;M;1
2442;Masculino;85;5;N;5
2443;m;60;4;Mañana;5
2444;M;39;6;Mañana;3-
2445;m;34;6;TARDE;1
2446;F;66;4;Mañana;2*
2447;m;22;3;TARDE;3
2448;M;73;3;TARDE;1
2449;F;1;1;N;4
2450;F;68;4;M;1+
2451;F;56;4;N;2*
2452;Masculino;89;5;TARDE;5
2453;Mas;76;1;T;1+
2454;m;69;1;N;2*
2455;Mas;61;3;TARDE;2
2456;Masculino;72;2;TARDE;3
2457;Mas;6;4;Mañana;3-
2458;F;60;1;Mañana;4
2459;F;76;6;Mañana;5
2460;m;57;6;N;1
2461;Fem;33;2;T;5
2462;Masculino;9;4;Mañana;2
2463;Masculino;40;2;N;1+
2464;F;8;1;Mañana;5
2465;Fem;53;1;TARDE;5
2466;M;22;4;TARDE;1
2467;M;45;4;N;4
2468;F;92;3;M;1+
2469;F;74;1;TARDE;3
2470;Mas;94;4;TARDE;2*
2471;Fem;47;4;TARDE;4
2472;F;70;4;M;3-
2473;Fem;22;5;N;4
2474;F;92;4;M;3
2475;Mas;39;3;M;3
2476;M;28;5;N;2*
2477;m;6;4;Mañana;5
2478;F;21;4;M;3
2479;M;46;2;Mañana;4
2480;F;31;4;N;2
2481;Masculino;49;6;M;2*
2482;F;33;2;T;3-
2483;F;20;3;N;2
2484;Masculino;27;2;N;3-
2485;M;95;1;T;2
2486;Mas;24;2;M;3-
2487;Fem;20;6;Mañana;5
2488;Mas;64;2;N;1
2489;F;32;4;N;1+
2490;M;78;1;M;3
2491;F;8;1;T;3
2492;M;87;2;M;2
2493;F;60;1;TARDE;2
2494;F;31;5;M;1+
2495;Masculino;93;4;N;2*
2496;Fem;52;2;TARDE;1+
2497;Fem;7;4;TARDE;4
2498;m;45;1;T;2
2499;M;24;2;T;3-
2500;Mas;95;2;T;3
2501;Masculino;79;2;M;5
2502;F;5;5;TARDE;3
2503;m;27;4;TARDE;4
2504;Fem;27;1;Mañana;1
2505;Masculino;28;6;Mañana;3
2506;F;86;1;TARDE;3-
2507;F;70;1;M;4
2508;m;30;2;N;4
2509;Mas;93;6;T;2*
2510;M;50;2;Mañana;5
2511;m;92;5;T;3
2512;F;46;4;T;3-
2513;m;1;6;M;3-
2514;F;66;3;Mañana;3
2515;Masculino;41;5;M;4
2516;M;15;1;M;2*
2517;Mas;65;6;N;1
2518;Masculino;24;4;TARDE;1
2519;F;8;4;TARDE;3-
2520;F;79;4;N;1+
2521;m;57;3;N;3
2522;m;84;4;Mañana;1+
2523;m;2;2;N;1
2524;M;54;4;M;4
2525;M;46;4;N;3-
2526;Fem;50;6;N;2
2527;F;36;2;M;3
2528;Mas;55;4;M;3
2529;Fem;25;5;T;2
2530;F;85;1;M;5
2531;F;84;6;M;5
2532;M;98;6;N;3
2533;Mas;48;6;N;3-
2534;F;66;2;N;2
2535;m;72;1;T;4
2536;Mas;30;5;T;2
2537;Mas;53;5;M;3-
2538;Masculino;90;1;T;4
2539;M;17;3;T;2*
2540;M;73;6;TARDE;1
2541;F;10;4;N;3-
2542;Masculino;21;4;T;3
2543;Fem;49;1;M;3-
2544;Masculino;1;3;TARDE;3-
2545;Mas;23;2;T;3-
2546;M;26;2;N;1+
2547;Mas;26;1;Mañana;5
2548;Mas;83;1;T;1
2549;Fem;65;3;TARDE;5
2550;m;69;2;N;5
2551;Masculino;32;5;TARDE;2
2552;Mas;89;2;TARDE;2*
2553;Masculino;79;5;T;1+
2554;Mas;58;3;Mañana;3-
2555;Mas;69;2;T;4
2556;Masculino;22;6;TARDE;1
2557;Mas;78;6;N;1
2558;F;7;1;T;1+
2559;Mas;99;4;T;2*
2560;F;87;2;Mañana;2*
2561;Mas;75;3;M;1+
2562;F;87;2;N;4
2563;Mas;80;3;M;2*
2564;Mas;71;1;T;1
2565;Fem;27;3;Mañana;3
2566;Fem;18;3;TARDE;1+
2567;Fem;99;2;TARDE;5
2568;F;17;3;TARDE;1+
2569;m;43;4;M;3-
2570;Masculino;12;4;N;2
2571;Fem;22;6;TARDE;4
2572;Fem;95;2;T;1
2573;Mas;18;4;Mañana;1+
2574;F;30;2;Mañana;5
2575;Fem;66;5;T;1
2576;F;28;3;Mañana;1
2577;m;78;6;N;5
2578;Masculino;83;4;Mañana;3-
2579;Fem;32;3;TARDE;1
2580;m;64;2;N;1+
2581;Fem;49;2;N;2*
2582;Fem;28;2;Mañana;1
2583;Fem;89;1;T;2
2584;Masculino;41;3;M;4
2585;M;11;6;T;5
2586;M;14;5;Mañana;2*
2587;M;95;5;N;2*
2588;M;12;1;Mañana;5
2589;Masculino;68;4;T;1+
2590;M;40;3;M;4
2591;F;42;5;N;5
2592;M;62;5;M;2*
2593;m;83;3;TARDE;1+
2594;Masculino;95;1;TARDE;3
2595;M;76;4;M;1
2596;F;71;5;N;5
2597;Mas;28;2;N;2*
2598;Masculino;11;1;N;4
2599;Mas;52;1;T;5
2600;Mas;1;2;N;1+
2601;Fem;38;5;T;2*
2602;Fem;39;5;N;2*
2603;Mas;25;2;Mañana;4
2604;Fem;18;1;M;2
2605;Fem;77;4;TARDE;4
2606;F;39;3;N;4
2607;M;93;3;Mañana;1+
2608;Masculino;16;6;M;5
2609;Mas;37;4;M;3-
2610;m;47;6;N;2*
2611;m;64;6;M;1+
2612;Masculino;28;1;TARDE;5
2613;Fem;15;6;N;3
2614;Mas;75;1;N;5
2615;Mas;57;5;T;2
2616;M;77;5;Mañana;2
2617;Mas;10;3;T;1+
2618;m;10;1;TARDE;3
2619;m;31;4;N;3-
2620;F;48;1;Mañana;2
2621;m;44;4;N;2*
2622;Mas;68;2;T;4
2623;Mas;20;2;Mañana;3-
2624;m;64;6;T;4
2625;Mas;72;1;N;2
2626;Mas;43;6;M;4
2627;Masculino;17;6;M;1+
2628;m;44;4;T;4
2629;Fem;89;5;M;2*
2630;m;11;1;T;2
2631;Masculino;97;4;TARDE;3-
2632;m;55;5;N;3-
2633;Fem;28;3;TARDE;3
2634;Fem;17;6;TARDE;3-
2635;m;2;5;M;1
2636;M;71;6;Mañana;3-
2637;Fem;77;3;M;4
2638;F;82;4;Mañana;2
2639;Fem;63;4;N;1+
2640;Masculino;90;4;T;3
2641;M;41;5;Mañana;5
2642;Fem;89;6;T;2
2643;Mas;93;4;TARDE;3
2644;Fem;67;5;Mañana;3-
2645;Mas;15;4;M;2
2646;Mas;78;4;M;5
2647;M;69;3;M;4
2648;Masculino;100;4;N;1
2649;Fem;21;5;Mañana;4
2650;m;86;6;T;1+
2651;F;37;2;N;4
2652;Fem;29;6;Mañana;1
2653;m;82;3;TARDE;2
2654;M;42;3;N;3
2655;M;51;3;Mañana;3
2656;m;41;2;M;4
2657;m;83;6;N;3
2658;Fem;85;5;Mañana;1
2659;F;81;4;M;1
2660;Mas;6;2;TARDE;2*
2661;Fem;33;5;T;2
2662;Masculino;56;6;T;2
2663;Masculino;44;4;Mañana;3-
2664;Masculino;54;1;Mañana;3-
2665;F;46;6;M;4
2666;m;8;2;Mañana;2
2667;F;36;5;TARDE;5
2668;Fem;60;5;M;4
2669;M;34;1;N;1
2670;F;3;4;TARDE;2
2671;Fem;26;6;Mañana;4
2672;Fem;76;5;N;4
2673;Mas;95;2;T;5
2674;M;26;2;Mañana;5
2675;Fem;25;6;M;3
2676;Mas;95;1;T;4
2677;m;89;2;Mañana;1+
2678;M;35;5;T;1+
2679;Masculino;71;3;M;3
2680;Masculino;50;3;N;1
2681;Mas;13;6;M;2*
2682;M;48;5;M;4
2683;F;90;6;T;4
2684;Fem;88;1;Mañana;3-
2685;M;88;1;T;4
2686;M;79;5;M;2
2687;Masculino;67;4;TARDE;5
2688;F;23;2;TARDE;2
2689;Masculino;43;5;TARDE;3-
2690;Fem;87;6;T;2
2691;F;91;3;T;2*
2692;M;19;4;Mañana;1+
2693;Mas;77;5;Mañana;3-
2694;Fem;96;5;Mañana;2
2695;F;44;2;N;3
2696;Masculino;89;1;TARDE;1
2697;F;75;1;M;2*
2698;Mas;5;5;T;2*
2699;m;79;6;Mañana;3
2700;Fem;95;1;M;1+
2701;M;1;1;TARDE;2*
2702;Fem;24;1;Mañana;3-
2703;Masculino;27;2;T;2*
2704;F;26;4;M;1+
2705;F;66;6;TARDE;5
2706;m;19;1;M;4
2707;Mas;46;2;TARDE;3-
2708;Mas;97;4;M;1+
2709;Mas;25;5;M;3
2710;m;22;1;Mañana;2
2711;Fem;17;4;N;4
2712;Masculino;19;4;TARDE;5
2713;F;9;5;N;1+
2714;F;11;6;Mañana;1
2715;m;58;6;Mañana;4
2716;Masculino;9;3;M;3-
2717;F;5;6;M;5
2718;m;25;3;N;5
2719;F;64;6;M;1+
2720;Masculino;54;3;M;4
2721;Mas;50;1;N;3-
2722;Fem;19;6;TARDE;2
2723;m;86;5;M;4
2724;F;75;2;M;1+
2725;m;90;6;Mañana;2
2726;F;31;2;N;5
2727;M;47;6;N;1+
2728;M;75;3;Mañana;3
2729;Fem;73;5;TARDE;4
2730;m;65;3;M;2
2731;M;100;6;TARDE;5
2732;F;31;5;TARDE;1
2733;F;33;5;N;2
2734;M;43;6;N;5
2735;M;88;5;TARDE;4
2736;F;7;3;T;5
2737;Fem;28;6;N;3-
2738;F;71;6;Mañana;4
2739;Masculino;53;1;N;3-
2740;F;98;6;M;5
2741;m;98;1;T;5
2742;Mas;65;3;M;1
2743;M;30;3;T;2
2744;Mas;82;5;TARDE;4
2745;Masculino;98;1;T;2*
2746;Masculino;50;6;Mañana;1
2747;M;40;4;Mañana;1+
2748;Fem;12;3;M;2*
2749;Mas;26;2;Mañana;1
2750;m;20;4;M;3-
2751;F;100;5;TARDE;2*
2752;Masculino;81;1;Mañana;5
2753;Masculino;84;4;TARDE;4
2754;Fem;26;1;Mañana;4
2755;Mas;58;1;T;2
2756;M;54;5;Mañana;1
2757;Masculino;56;1;M;1
2758;m;62;6;M;2*
2759;Masculino;24;2;N;3
2760;m;44;4;N;4
2761;F;54;3;M;3-
2762;m;77;4;T;1+
2763;Fem;31;3;T;5
2764;F;74;6;N;5
2765;Mas;98;4;Mañana;1+
2766;Mas;53;3;T;2*
2767;Masculino;19;5;TARDE;3
2768;F;39;4;Mañana;5
2769;Fem;55;3;Mañana;3-
2770;m;65;5;TARDE;3-
2771;Mas;54;5;M;2
2772;m;85;2;N;3
2773;Fem;14;3;M;5
2774;M;56;1;T;5
2775;Masculino;88;3;T;3-
2776;m;99;4;M;3-
2777;m;20;2;TARDE;3
2778;m;18;6;Mañana;5
2779;F;97;6;Mañana;3-
2780;Mas;20;4;TARDE;1
2781;F;47;3;M;1+
2782;Masculino;79;1;Mañana;3
2783;M;31;6;N;4
2784;Masculino;21;4;Mañana;5
2785;Mas;98;2;TARDE;3
2786;Masculino;74;4;TARDE;5
2787;F;41;1;Mañana;5
2788;F;65;3;Mañana;5
2789;m;92;3;M;3-
2790;Masculino;58;4;T;1+
2791;Mas;2;6;N;3
2792;Mas;70;3;T;1
2793;Mas;15;6;Mañana;5
2794;Masculino;21;1;N;1+
2795;M;3;6;TARDE;1+
2796;m;86;1;T;3-
2797;m;16;1;T;3-
2798;m;90;4;TARDE;2
2799;M;32;5;Mañana;4
2800;Mas;3;1;N;5
2801;Masculino;65;5;Mañana;1+
2802;Fem;67;2;M;1+
2803;Fem;85;6;Mañana;1+
2804;Masculino;17;4;N;4
2805;m;16;3;TARDE;3-
2806;M;59;2;N;4
2807;Mas;98;5;N;5
2808;Fem;97;2;TARDE;1
2809;Mas;46;4;T;5
2810;Mas;52;5;M;4
2811;F;18;4;N;3-
2812;Masculino;7;2;TARDE;3-
2813;F;29;1;M;4
2814;m;82;3;Mañana;1
2815;Fem;16;5;M;3-
2816;Mas;37;3;N;4
2817;F;27;5;M;1+
2818;Fem;85;6;M;5
2819;Mas;49;3;TARDE;2
2820;Masculino;24;2;N;3-
2821;Mas;51;1;T;1
2822;F;40;5;Mañana;2
2823;Fem;28;5;M;2*
2824;F;4;2;N;2*
2825;m;18;3;TARDE;1+
2826;Mas;53;1;Mañana;2
2827;M;32;6;T;1
2828;F;43;1;T;3
2829;Mas;44;6;TARDE;2*
2830;m;47;4;M;3
2831;Mas;34;5;Mañana;2*
2832;m;27;1;N;1+
2833;m;20;1;M;1+
2834;Mas;22;1;N;5
2835;Masculino;59;3;M;2
2836;Mas;90;1;M;4
2837;M;59;4;TARDE;3-
2838;m;78;3;T;1
2839;Fem;6;1;N;4
2840;Fem;67;1;TARDE;1
2841;Mas;79;1;TARDE;2
2842;M;41;5;T;1+
2843;M;49;4;N;1+
2844;Mas;43;2;N;1+
2845;Masculino;77;1;TARDE;2*
2846;m;32;4;T;2*
2847;Fem;95;5;Mañana;3-
2848;F;28;2;Mañana;1
2849;Masculino;47;6;N;1
2850;M;59;1;M;1+
2851;Fem;95;5;TARDE;4
2852;m;63;5;M;3
2853;Mas;99;6;Mañana;3
2854;M;76;1;M;2*
2855;F;56;2;TARDE;2
2856;m;58;5;Mañana;1
2857;M;12;4;Mañana;1+
2858;F;47;4;TARDE;3-
2859;Masculino;59;3;N;3-
2860;F;64;2;TARDE;2*
2861;M;52;4;N;2*
2862;F;16;3;Mañana;2*
2863;Masculino;52;6;M;5
2864;M;8;3;TARDE;2*
2865;Masculino;26;6;M;3
2866;Fem;44;5;T;4
2867;Mas;26;1;Mañana;2*
2868;Masculino;8;5;N;5
2869;m;53;5;Mañana;5
2870;m;9;3;M;2
2871;M;94;4;TARDE;3-
2872;Mas;98;4;T;3-
2873;M;42;5;N;1+
2874;Mas;24;6;M;4
2875;F;49;1;Mañana;5
2876;Masculino;4;6;T;3
2877;F;14;5;T;3-
2878;Fem;2;6;N;2
2879;Masculino;93;5;M;2*
2880;F;64;6;Mañana;1
2881;F;31;4;N;1
2882;Masculino;40;4;T;3-
2883;m;53;1;N;1+
2884;Fem;87;2;M;4
2885;Masculino;61;2;N;4
2886;Mas;98;3;M;3
2887;M;50;2;T;1+
2888;m;2;2;N;3-
2889;Mas;71;1;TARDE;3-
2890;Masculino;98;6;Mañana;1
2891;Masculino;18;5;M;3-
2892;Fem;15;3;M;3
2893;M;17;3;Mañana;1
2894;Masculino;63;4;N;3-
2895;m;13;2;N;3-
2896;Fem;60;5;N;5
2897;F;53;1;Mañana;5
2898;Fem;30;1;N;1
2899;m;84;5;TARDE;2*
2900;Mas;70;3;M;4
2901;Masculino;7;4;M;5
2902;m;75;4;T;5
2903;Masculino;5;5;T;3
2904;M;32;5;T;4
2905;F;73;5;Mañana;3
2906;M;84;4;Mañana;1+
2907;M;91;2;TARDE;1+
2908;Mas;86;4;TARDE;2*
2909;Mas;73;4;TARDE;4
2910;m;67;1;M;3-
2911;M;96;1;TARDE;1
2912;Masculino;21;5;Mañana;2
2913;Mas;14;4;Mañana;1
2914;Masculino;90;2;M;4
2915;Masculino;98;2;T;5
2916;m;35;5;TARDE;5
2917;M;95;4;Mañana;2*
2918;Fem;54;5;T;1
2919;M;88;4;M;5
2920;m;33;3;M;1+
2921;Masculino;27;2;N;3
2922;Masculino;40;4;Mañana;1
2923;Mas;61;3;N;1+
2924;F;27;2;Mañana;3
2925;Masculino;13;2;TARDE;3-
2926;m;67;6;T;1+
2927;F;49;4;TARDE;4
2928;m;54;1;N;3
2929;Masculino;26;2;TARDE;2*
2930;M;30;4;T;2*
2931;F;20;5;N;4
2932;Mas;54;6;N;4
2933;F;95;1;Mañana;2*
2934;m;47;4;TARDE;4
2935;Fem;67;3;N;3-
2936;Mas;26;5;TARDE;3
2937;Masculino;28;4;N;3
2938;Masculino;16;1;M;1
2939;m;53;4;TARDE;5
2940;m;68;6;T;3
2941;F;13;1;Mañana;2
2942;m;29;3;T;2*
2943;M;20;5;Mañana;4
2944;M;58;1;Mañana;2*
2945;Masculino;19;3;M;2*
2946;Fem;61;1;Mañana;3-
2947;Masculino;84;4;Mañana;4
2948;Mas;21;3;Mañana;3
2949;m;49;2;Mañana;1
2950;Mas;23;6;M;2*
2951;Mas;47;4;N;4
2952;M;58;1;N;2
2953;Masculino;94;4;Mañana;5
2954;Fem;18;3;M;5
2955;Fem;80;4;N;1+
2956;Mas;31;6;N;1+
2957;m;40;5;M;1
2958;Mas;73;6;T;3-
2959;Masculino;90;2;N;4
2960;Fem;16;5;Mañana;3-
2961;Fem;24;3;Mañana;3
2962;Fem;5;4;Mañana;2*
2963;F;82;5;T;1+
2964;Masculino;26;2;Mañana;2*
2965;Masculino;17;3;TARDE;1
2966;M;3;3;T;1
2967;Masculino;45;5;N;4
2968;m;94;3;TARDE;3-
2969;m;59;4;M;3-
2970;Fem;4;4;TARDE;2
2971;M;8;5;M;2*
2972;Masculino;89;6;T;3-
2973;F;12;4;M;3
2974;F;75;5;N;5
2975;Fem;96;2;T;4
2976;Fem;91;5;N;2
2977;m;57;5;TARDE;2
2978;Fem;58;2;Mañana;3-
2979;m;82;2;Mañana;5
2980;Masculino;100;6;Mañana;2
2981;F;34;4;TARDE;2*
2982;Masculino;55;6;N;4
2983;F;96;1;Mañana;1+
2984;F;68;5;TARDE;2*
2985;F;33;6;Mañana;2
2986;Masculino;11;3;Mañana;3-
2987;Fem;45;1;N;1
2988;Masculino;14;1;T;2
2989;Fem;32;2;N;1+
2990;Masculino;49;5;Mañana;4
2991;F;89;2;TARDE;3
2992;m;6;6;TARDE;3
2993;Masculino;78;6;TARDE;1+
2994;Masculino;80;1;T;1+
2995;Masculino;27;6;TARDE;1
2996;Mas;87;1;TARDE;3
2997;Masculino;35;3;M;3
2998;Fem;51;3;M;3
2999;m;75;2;M;3
3000;m;96;1;T;3
3001;m;11;5;M;4
3002;Masculino;68;1;T;5
3003;Mas;65;4;Mañana;2
3004;F;78;3;TARDE;2*
3005;Fem;50;3;N;4
3006;Masculino;95;2;Mañana;4
3007;Mas;35;1;TARDE;5
3008;Masculino;20;5;Mañana;1
3009;F;83;3;TARDE;5
3010;Fem;74;4;N;3
3011;F;13;4;TARDE;3
3012;M;57;2;M;3-
3013;M;72;4;N;1+
3014;M;15;2;TARDE;5
3015;Mas;9;4;T;2
3016;m;41;3;M;3-
3017;m;49;4;N;4
3018;Fem;23;1;M;3
3019;Fem;98;4;T;5
3020;Masculino;15;3;N;3-
3021;M;58;2;Mañana;4
3022;M;31;4;TARDE;2*
3023;Masculino;41;5;M;4
3024;m;9;6;N;2*
3025;Masculino;83;4;TARDE;2
3026;Mas;20;1;T;4
3027;F;95;6;TARDE;2*
3028;M;96;1;Mañana;2
3029;M;70;1;M;1
3030;F;23;1;N;2
3031;Mas;26;5;Mañana;4
3032;Mas;8;5;N;2
3033;Masculino;5;2;M;3-
3034;Fem;66;2;TARDE;4
3035;Masculino;65;1;N;5
3036;M;34;1;T;3-
3037;m;66;1;M;2*
3038;m;92;2;T;3
3039;Masculino;33;4;N;2
3040;M;90;5;T;3-
3041;m;82;4;N;1+
3042;Mas;79;3;Mañana;1+
3043;m;58;4;Mañana;5
3044;F;100;3;N;5
3045;m;23;6;Mañana;3-
3046;m;15;3;N;3
3047;Fem;67;6;Mañana;2*
3048;Masculino;53;6;Mañana;5
3049;F;17;1;Mañana;1+
3050;m;24;4;T;4
3051;Masculino;93;6;N;1
3052;F;7;2;T;3
3053;Masculino;21;6;T;5
3054;Fem;61;6;M;3
3055;M;32;6;T;2*
3056;F;18;2;N;2*
3057;Fem;47;2;Mañana;3-
3058;Masculino;80;1;Mañana;1
3059;Masculino;86;6;TARDE;3-
3060;Masculino;62;4;M;5
3061;Mas;100;1;Mañana;4
3062;Masculino;58;3;Mañana;4
3063;Mas;65;5;T;3
3064;Masculino;66;3;N;3
3065;Mas;68;5;N;2
3066;Fem;94;4;M;3-
3067;Masculino;8;4;T;1+
3068;Fem;84;2;N;4
3069;F;52;5;Mañana;1+
3070;Mas;32;1;Mañana;2
3071;Fem;35;4;T;4
3072;Mas;22;5;TARDE;5
3073;m;18;2;M;3
3074;M;76;1;T;1+
3075;Fem;14;1;N;2
3076;M;25;4;T;3-
3077;Mas;76;3;T;3-
3078;F;79;3;N;2*
3079;m;18;1;TARDE;3
3080;Fem;71;6;Mañana;1
3081;m;41;6;Mañana;3-
3082;Mas;55;2;N;3-
3083;F;88;5;TARDE;1+
3084;Masculino;59;2;M;3-
3085;M;62;6;TARDE;4
3086;F;78;5;TARDE;3
3087;Masculino;3;2;Mañana;4
3088;Fem;34;3;TARDE;5
3089;F;53;3;N;1+
3090;Fem;57;5;TARDE;1
3091;Masculino;58;2;N;5
3092;Mas;25;1;Mañana;3
3093;Mas;67;5;N;1
3094;m;17;6;M;5
3095;Mas;32;2;M;2*
3096;M;7;5;M;3-
3097;Mas;49;6;N;1+
3098;Masculino;22;6;Mañana;2
3099;M;19;3;N;3-
3100;F;30;4;M;5
3101;Mas;40;6;TARDE;4
3102;Fem;17;4;M;4
3103;F;73;1;Mañana;4
3104;M;93;6;N;2
3105;Fem;27;2;N;2
3106;Mas;29;6;N;4
3107;Fem;24;2;M;4
3108;Masculino;40;2;Mañana;3
3109;M;86;2;N;3
3110;F;7;6;T;3-
3111;Mas;73;1;N;1+
3112;Fem;93;5;Mañana;3-
3113;Fem;46;6;N;1+
3114;F;42;4;M;1
3115;Masculino;19;2;Mañana;2
3116;m;29;1;M;1+
3117;m;24;6;Mañana;2*
3118;Fem;69;3;T;3-
3119;Masculino;23;5;T;3
3120;Mas;53;2;T;2
3121;M;26;6;T;1
3122;F;79;3;TARDE;1
3123;M;79;6;M;3-
3124;Masculino;33;2;N;2*
3125;Fem;100;1;Mañana;3
3126;m;61;2;T;3
3127;Fem;64;3;TARDE;1+
3128;m;43;2;N;3
3129;Fem;36;3;TARDE;1+
3130;Mas;33;5;M;3-
3131;m;47;2;TARDE;3
3132;m;85;5;Mañana;1+
3133;F;93;1;M;1+
3134;F;1;2;M;2*
3135;Fem;49;1;Mañana;4
3136;m;30;3;TARDE;3
3137;m;32;1;Mañana;1
3138;F;93;2;Mañana;4
3139;Mas;23;2;TARDE;4
3140;m;62;6;M;5
3141;Mas;74;5;TARDE;1
3142;M;96;6;N;2*
3143;m;59;5;Mañana;1
3144;M;12;3;Mañana;2*
3145;F;66;2;M;1
3146;m;32;3;Mañana;5
3147;Masculino;26;4;T;1+
3148;Fem;91;5;M;3
3149;Masculino;60;2;M;4
3150;m;53;5;M;2
3151;Fem;28;5;M;5
3152;Fem;3;2;N;1
3153;Fem;38;2;M;1+
3154;m;49;2;T;2
3155;M;14;1;T;3
3156;M;49;4;N;5
3157;F;71;3;N;3
3158;Fem;14;4;M;3-
3159;Fem;11;5;T;3
3160;m;60;3;T;1+
3161;Mas;4;3;M;1
3162;M;39;6;TARDE;1
3163;Fem;96;2;TARDE;2*
3164;Mas;78;5;TARDE;5
3165;m;54;3;T;2*
3166;F;15;6;N;1+
3167;m;40;5;M;3
3168;M;63;5;T;2
3169;F;28;5;N;5
3170;Masculino;33;1;TARDE;4
3171;F;36;1;M;2*
3172;m;5;4;Mañana;1
3173;Masculino;3;4;T;2
3174;F;88;5;Mañana;1+
3175;m;5;2;M;3
3176;Masculino;37;2;T;4
3177;m;3;3;M;1
3178;m;62;4;TARDE;2
3179;m;88;4;TARDE;3
3180;F;65;3;M;2
3181;Masculino;75;4;N;2
3182;Mas;18;2;TARDE;1+
3183;m;53;4;TARDE;3
3184;Mas;17;5;M;2
3185;Masculino;25;3;M;2*
3186;Mas;62;2;Mañana;3-
3187;Masculino;39;6;M;3
3188;Fem;5;5;TARDE;2*
3189;Masculino;80;6;T;2*
3190;F;38;5;T;1
3191;M;1;3;T;3
3192;M;68;2;Mañana;4
3193;M;37;6;T;1
3194;Fem;65;4;T;3
3195;Fem;23;4;N;5
3196;M;81;2;Mañana;3
3197;Fem;9;1;Mañana;3
3198;m;71;1;M;4
3199;m;34;4;Mañana;3-
3200;m;35;3;T;4
3201;F;96;2;N;2
3202;Fem;10;6;TARDE;5
3203;Fem;41;2;Mañana;3-
3204;m;36;2;N;2*
3205;M;92;3;T;1
3206;M;68;1;N;2*
3207;M;85;4;T;1
3208;Fem;45;6;N;4
3209;Fem;72;4;N;1
3210;M;2;6;Mañana;1
3211;Mas;84;5;N;3-
3212;F;32;3;N;5
3213;Mas;86;2;Mañana;1
3214;Mas;38;6;M;1+
3215;Mas;96;2;TARDE;5
3216;Mas;84;2;N;5
3217;Fem;7;1;TARDE;1+
3218;M;93;1;T;2*
3219;F;74;6;TARDE;2
3220;F;16;4;M;4
3221;M;40;5;TARDE;2
3222;m;41;5;T;5
3223;Mas;98;2;M;2*
3224;F;97;6;T;4
3225;Fem;22;1;Mañana;2*
3226;Fem;34;5;TARDE;4
3227;Mas;76;5;N;4
3228;Masculino;49;5;N;3
3229;Masculino;99;1;T;4
3230;F;48;3;M;5
3231;Masculino;49;1;M;2
3232;Mas;58;4;Mañana;5
3233;Mas;94;2;M;5
3234;m;26;2;T;5
3235;F;27;2;TARDE;1
3236;Fem;85;6;TARDE;3-
3237;F;68;5;Mañana;1+
3238;Mas;95;5;TARDE;5
3239;Mas;89;4;N;2*
3240;M;74;1;Mañana;4
3241;m;56;3;TARDE;2
3242;m;72;6;T;5
3243;m;5;2;N;2
3244;F;57;5;N;3-
3245;Masculino;92;3;T;4
3246;m;9;4;T;1
3247;Masculino;12;2;M;5
3248;Fem;7;3;Mañana;1
3249;M;76;5;N;3
3250;Masculino;58;2;N;1
3251;m;11;1;Mañana;3
3252;Mas;98;1;M;2
3253;F;28;3;TARDE;1
3254;Mas;63;1;T;4
3255;m;99;5;N;3-
3256;F;63;6;Mañana;5
3257;Masculino;5;6;Mañana;1+
3258;Fem;36;3;TARDE;2
3259;F;34;4;T;4
3260;M;13;1;Mañana;2
3261;Masculino;30;5;N;1
3262;m;68;4;N;3-
3263;Fem;12;4;TARDE;1
3264;m;34;6;Mañana;2
3265;m;24;5;M;3-
3266;M;87;3;M;4
3267;Mas;8;1;T;1+
3268;Fem;22;5;N;4
3269;Masculino;72;6;TARDE;1
3270;Fem;2;2;N;1
3271;m;76;1;N;2
3272;Masculino;77;3;N;3-
3273;Masculino;78;5;T;3-
3274;M;52;6;Mañana;3-
3275;F;88;2;N;2*
3276;Masculino;89;4;Mañana;4
3277;M;39;6;TARDE;3-
3278;Fem;52;3;TARDE;4
3279;F;29;4;Mañana;1+
3280;Masculino;45;5;T;1+
3281;m;8;5;N;2
3282;Mas;10;2;M;4
3283;Masculino;96;1;Mañana;4
3284;M;68;4;M;3
3285;Fem;38;1;N;2
3286;Fem;12;4;Mañana;5
3287;m;76;3;M;4
3288;F;28;5;M;3-
3289;F;30;2;Mañana;4
3290;m;23;6;M;1+
3291;Fem;94;2;M;2*
3292;M;21;4;Mañana;2*
3293;Masculino;57;1;M;2
3294;M;38;5;Mañana;3-
3295;m;17;2;M;1
3296;Fem;94;3;TARDE;3-
3297;m;12;5;M;4
3298;Mas;67;3;M;4
3299;Masculino;47;3;Mañana;2*
3300;Masculino;91;6;TARDE;2*
3301;Masculino;85;1;N;3
3302;Mas;92;4;N;4
3303;F;43;5;TARDE;1
3304;M;68;2;N;3
3305;F;47;3;T;1
3306;F;74;4;N;3-
3307;Fem;32;1;TARDE;2*
3308;Fem;99;1;Mañana;2
3309;M;94;1;M;2
3310;M;76;1;M;2
3311;Masculino;66;2;TARDE;1
3312;Mas;50;6;T;3
3313;M;1;5;N;1+
3314;Fem;63;1;T;4
3315;F;81;5;Mañana;3
3316;Fem;21;2;TARDE;3
3317;m;79;1;M;1+
3318;m;58;2;T;3
3319;Mas;99;5;Mañana;1+
3320;Masculino;17;1;TARDE;1+
3321;m;12;6;TARDE;3-
3322;m;85;6;TARDE;3-
3323;m;94;4;TARDE;2
3324;m;90;1;TARDE;1+
3325;Mas;68;6;Mañana;3
3326;Masculino;39;6;TARDE;3-
3327;Mas;48;6;M;1+
3328;M;80;1;M;5
3329;m;53;5;T;1+
3330;Masculino;2;3;TARDE;5
3331;Masculino;8;3;TARDE;3
3332;Mas;93;1;TARDE;1+
3333;Fem;66;4;Mañana;1+
3334;M;57;2;Mañana;3
3335;M;80;4;M;3
3336;Fem;25;4;Mañana;3
3337;Fem;83;3;T;3-
3338;m;29;2;N;1
3339;m;61;4;T;1
3340;Mas;64;1;Mañana;1
3341;Mas;60;5;TARDE;1+
3342;m;44;4;Mañana;3
3343;F;71;3;TARDE;1
3344;Fem;87;3;T;1
3345;m;97;1;N;2
3346;Masculino;81;1;M;3
3347;Masculino;34;6;M;1+
3348;F;72;4;T;1
3349;Mas;8;6;N;2
3350;m;83;2;T;1+
3351;M;85;1;Mañana;4
3352;Fem;59;2;T;3-
3353;Mas;41;3;Mañana;2*
3354;m;87;4;T;3
3355;Mas;13;6;M;3-
3356;m;44;1;Mañana;3-
3357;Fem;21;5;T;3-
3358;Masculino;48;6;TARDE;2*
3359;M;78;6;Mañana;1
3360;F;23;3;TARDE;3
3361;Fem;14;1;T;1
3362;F;84;6;T;2*
3363;m;15;4;TARDE;2
3364;Mas;16;3;T;2
3365;Fem;97;6;T;1+
3366;m;43;1;M;5
3367;M;24;6;Mañana;3-
3368;Masculino;25;4;T;5
3369;Mas;77;4;TARDE;2
3370;Masculino;6;1;N;2*
3371;M;31;4;TARDE;4
3372;F;84;5;N;3
3373;M;24;1;TARDE;3
3374;m;56;5;TARDE;4
3375;Fem;30;6;T;3-
3376;M;55;3;T;1+
3377;F;62;3;M;1+
3378;M;12;3;M;3-
3379;F;53;6;T;2*
3380;Masculino;66;1;Mañana;2*
3381;Masculino;80;5;T;2*
3382;Mas;91;4;N;4
3383;M;4;2;N;3
3384;M;61;3;T;5
3385;M;9;5;TARDE;1
3386;Masculino;51;6;TARDE;5
3387;F;72;6;N;2*
3388;Masculino;98;1;M;1+
3389;F;61;4;N;2
3390;Mas;53;2;TARDE;5
3391;m;45;5;TARDE;1+
3392;m;1;3;T;5
3393;Mas;1;5;Mañana;1
3394;m;19;5;TARDE;4
3395;M;34;2;M;4
3396;F;66;3;M;4
3397;m;60;2;T;3-
3398;M;38;4;TARDE;2*
3399;F;71;4;TARDE;5
3400;Mas;55;6;TARDE;1+
3401;Masculino;35;1;T;4
3402;Mas;80;1;TARDE;5
3403;Fem;29;6;TARDE;3
3404;m;49;4;T;3-
3405;m;46;4;N;3-
3406;M;99;3;TARDE;4
3407;Masculino;60;2;Mañana;3
3408;m;40;2;Mañana;1+
3409;F;13;6;T;2
3410;m;97;1;M;1
3411;M;27;1;N;5
3412;Mas;53;5;Mañana;1+
3413;Masculino;63;6;Mañana;4
3414;Fem;27;2;TARDE;4
3415;Masculino;16;3;Mañana;3
3416;M;80;5;T;5
3417;m;45;1;M;1+
3418;m;30;6;T;3-
3419;Fem;36;3;TARDE;1+
3420;Mas;45;5;M;1
3421;Fem;50;5;N;3-
3422;F;98;1;T;1
3423;Masculino;39;2;N;2*
3424;Masculino;72;6;N;3-
3425;Fem;88;6;Mañana;3
3426;M;18;2;M;3
3427;F;53;2;TARDE;1+
3428;F;74;6;M;2
3429;m;49;1;N;4
3430;F;11;3;Mañana;1+
3431;F;50;2;TARDE;2
3432;Mas;4;2;TARDE;1
3433;Masculino;37;1;N;1+
3434;Fem;15;4;Mañana;1
3435;Fem;97;3;Mañana;4
3436;F;20;4;N;3
3437;Masculino;72;6;N;2
3438;Masculino;23;2;N;3
3439;Mas;64;2;Mañana;4
3440;F;94;6;T;3-
3441;Fem;60;6;N;2*
3442;M;42;6;TARDE;3
3443;Masculino;79;3;N;4
3444;m;79;1;TARDE;3
3445;M;90;5;Mañana;4
3446;m;95;2;TARDE;1
3447;m;94;6;Mañana;5
3448;F;70;6;Mañana;4
3449;m;62;5;N;3-
3450;M;45;1;N;1
3451;F;54;2;Mañana;2
3452;m;81;3;TARDE;5
3453;m;1;5;T;4
3454;Fem;6;4;N;1
3455;Mas;43;3;N;2*
3456;Masculino;24;6;Mañana;1+
3457;Fem;97;5;N;2
3458;Fem;74;4;M;3
3459;m;79;3;T;3
3460;Mas;99;4;Mañana;2*
3461;Masculino;100;4;T;3-
3462;M;42;5;TARDE;5
3463;M;47;6;N;2
3464;Mas;24;3;TARDE;5
3465;M;1;1;M;1+
3466;Mas;47;4;M;5
3467;m;18;6;TARDE;5
3468;Mas;25;3;T;4
3469;Fem;15;5;T;3-
3470;m;65;1;N;2*
3471;m;94;4;N;2
3472;F;40;1;T;3
3473;M;14;4;N;1
3474;m;80;3;Mañana;3
3475;m;20;4;TARDE;1+
3476;Mas;72;2;Mañana;5
3477;Mas;59;2;Mañana;5
3478;M;52;6;Mañana;3-
3479;M;57;5;M;2*
3480;M;93;5;TARDE;5
3481;F;68;4;N;1
3482;Fem;81;6;T;3
3483;F;46;2;N;2
3484;Mas;40;2;T;1
3485;m;54;3;M;3-
3486;m;87;5;TARDE;4
3487;M;16;5;TARDE;2*
3488;F;54;4;T;4
3489;M;26;1;M;1+
3490;F;9;4;M;2*
3491;M;66;2;T;4
3492;Mas;33;2;Mañana;3-
3493;M;4;2;TARDE;3
3494;M;58;2;TARDE;3-
3495;Masculino;7;2;M;5
3496;Mas;60;6;M;4
3497;Fem;62;6;N;3
3498;Masculino;89;6;Mañana;3-
3499;Masculino;58;6;Mañana;2
3500;F;90;4;T;4
3501;M;26;1;TARDE;3
3502;Fem;74;3;N;1
3503;Masculino;80;5;TARDE;2
3504;Fem;9;2;T;5
3505;M;23;6;Mañana;2*
3506;Fem;75;4;TARDE;3-
3507;M;73;5;TARDE;5
3508;Masculino;67;1;TARDE;3
3509;Fem;46;4;N;1+
3510;Fem;35;6;Mañana;1+
3511;F;49;3;N;1+
3512;Fem;55;5;TARDE;1+
3513;Mas;12;3;N;3
3514;Masculino;3;4;N;2
3515;M;77;4;T;2*
3516;Masculino;61;1;TARDE;3
3517;Fem;23;5;M;1+
3518;m;60;3;N;5
3519;Fem;81;2;T;1+
3520;m;42;1;N;4
3521;Mas;64;5;M;1+
3522;Masculino;37;3;M;1
3523;F;64;5;TARDE;1
3524;Masculino;68;3;M;3-
3525;m;97;2;N;1
3526;F;59;6;N;2
3527;Masculino;65;1;N;3-
3528;Masculino;80;6;N;3
3529;Masculino;52;1;T;1
3530;Fem;35;3;N;1+
3531;Fem;82;1;Mañana;2*
3532;F;42;2;M;2*
3533;M;74;6;TARDE;3
3534;M;84;4;N;2
3535;Masculino;33;4;TARDE;1+
3536;Masculino;89;2;T;3-
3537;Masculino;38;1;TARDE;2*
3538;Fem;78;3;M;1+
3539;F;33;1;Mañana;3
3540;Fem;33;4;Mañana;3-
3541;m;83;6;TARDE;4
3542;Fem;70;1;T;3-
3543;F;8;1;M;1+
3544;Fem;72;6;Mañana;3-
3545;Mas;54;3;N;4
3546;M;39;5;TARDE;5
3547;Masculino;87;1;N;1
3548;F;68;2;TARDE;1
3549;m;98;4;M;1
3550;M;38;1;N;4
3551;M;23;3;Mañana;4
3552;m;41;6;N;3-
3553;F;19;3;TARDE;3-
3554;Fem;34;4;M;5
3555;F;71;3;TARDE;3-
3556;Masculino;44;6;Mañana;2
3557;M;99;1;Mañana;3-
3558;Mas;70;4;T;2
3559;Mas;45;6;Mañana;3
3560;m;26;4;T;1
3561;Masculino;54;4;TARDE;1
3562;Mas;72;4;T;1
3563;F;32;1;TARDE;3
3564;Masculino;16;5;M;4
3565;Mas;94;1;T;2
3566;M;80;4;Mañana;1
3567;Masculino;58;5;M;2*
3568;Mas;70;6;T;3-
3569;Fem;66;2;N;5
3570;M;54;3;N;2*
3571;Fem;70;6;TARDE;2*
3572;Fem;95;2;M;1
3573;Mas;51;3;N;1
3574;m;57;2;T;1
3575;F;37;2;M;5
3576;Mas;38;5;Mañana;3-
3577;Fem;81;6;Mañana;1+
3578;Masculino;69;6;M;1
3579;F;58;1;T;3
3580;Masculino;71;4;T;1+
3581;m;84;1;Mañana;5
3582;Fem;17;4;M;2
3583;M;26;2;TARDE;1
3584;Masculino;3;3;T;1
3585;Masculino;100;2;TARDE;5
3586;M;54;6;T;3-
3587;Masculino;79;2;TARDE;2*
3588;M;56;2;TARDE;4
3589;M;67;4;Mañana;4
3590;m;6;3;Mañana;5
3591;Mas;61;2;N;1+
3592;Mas;15;3;M;1
3593;F;47;1;T;2
3594;Fem;80;1;M;2
3595;Fem;11;4;T;2*
3596;Masculino;72;1;TARDE;2
3597;Fem;5;1;T;1
3598;M;55;4;M;2*
3599;Masculino;72;2;Mañana;3
3600;m;71;5;TARDE;3
3601;m;31;2;M;3
3602;Mas;40;1;N;2
3603;m;11;4;TARDE;2*
3604;Mas;70;1;N;4
3605;Fem;67;1;T;2
3606;M;34;2;N;2
3607;Fem;90;1;TARDE;2*
3608;m;49;6;N;5
3609;m;26;5;TARDE;2
3610;Masculino;87;4;N;1
3611;Masculino;57;2;N;5
3612;Mas;89;6;TARDE;2
3613;F;90;5;T;2
3614;Mas;38;3;TARDE;2
3615;M;71;4;N;3
3616;Masculino;3;3;Mañana;1
3617;Masculino;64;1;T;1
3618;m;16;2;TARDE;4
3619;M;77;6;T;2
3620;Mas;53;2;N;2
3621;M;6;3;N;5
3622;Mas;14;3;Mañana;1+
3623;Mas;12;5;Mañana;3-
3624;M;47;2;N;2
3625;Fem;74;2;T;2
3626;Mas;46;6;Mañana;4
3627;Masculino;34;1;N;5
3628;m;63;4;TARDE;3-
3629;M;55;1;M;1+
3630;F;20;2;N;4
3631;F;25;5;M;5
3632;F;32;4;T;5
3633;Mas;29;1;TARDE;1+
3634;F;69;2;Mañana;2
3635;Mas;90;5;TARDE;4
3636;Masculino;29;3;TARDE;1
3637;m;83;3;N;3-
3638;F;62;5;T;5
3639;Fem;62;3;Mañana;2
3640;M;37;5;TARDE;2
3641;m;80;1;Mañana;2*
3642;Mas;48;2;T;1
3643;M;62;4;N;1+
3644;m;28;2;TARDE;3
3645;M;34;4;Mañana;3
3646;Masculino;6;3;TARDE;1
3647;Mas;83;3;TARDE;4
3648;Masculino;75;4;M;3
3649;Fem;64;4;M;5
3650;Mas;60;4;Mañana;5
3651;Fem;49;1;M;5
3652;Fem;71;1;Mañana;2
3653;M;98;2;Mañana;4
3654;Fem;78;4;TARDE;1+
3655;F;91;1;TARDE;3
3656;Mas;13;6;Mañana;5
3657;m;21;1;TARDE;3
3658;Masculino;46;6;M;3
3659;Fem;24;4;Mañana;1+
3660;m;88;1;M;2*
3661;M;60;6;M;3-
3662;M;55;6;TARDE;2
3663;Fem;80;6;Mañana;3-
3664;Masculino;56;6;TARDE;4
3665;M;65;3;TARDE;2*
3666;m;67;6;T;4
3667;m;68;5;Mañana;3-
3668;Fem;58;3;Mañana;1
3669;F;86;5;T;4
3670;M;53;5;M;3-
3671;m;88;3;N;2*
3672;Masculino;89;2;TARDE;3
3673;M;92;2;TARDE;2*
3674;M;98;6;M;3
3675;F;68;2;TARDE;4
3676;M;39;2;N;2
3677;Mas;96;3;Mañana;1+
3678;Masculino;25;5;T;4
3679;Mas;58;5;Mañana;4
3680;Masculino;85;6;TARDE;3-
3681;Fem;93;1;N;1+
3682;m;97;6;T;1+
3683;Mas;91;1;T;1+
3684;Fem;40;4;N;4
3685;m;39;5;TARDE;3
3686;F;74;3;M;1
3687;F;17;2;M;4
3688;Fem;24;6;N;1+
3689;M;5;1;Mañana;4
3690;F;63;5;T;4
3691;M;33;6;N;2*
3692;m;29;6;N;1+
3693;Masculino;89;3;TARDE;3
3694;M;22;3;M;2
3695;Masculino;35;1;T;3-
3696;F;29;6;N;5
3697;F;14;3;Mañana;1
3698;m;28;2;N;5
3699;Fem;75;6;Mañana;3-
3700;m;63;6;TARDE;3-
3701;F;3;3;N;3-
3702;m;59;1;TARDE;2
3703;Masculino;92;5;T;4
3704;Masculino;34;3;T;1+
3705;Masculino;100;2;T;2*
3706;m;65;2;N;1+
3707;m;41;1;TARDE;1
3708;m;82;5;T;2
3709;M;30;5;M;1+
3710;m;87;1;TARDE;5
3711;Masculino;28;6;N;3
3712;M;44;5;T;2*
3713;F;26;2;N;1
3714;M;22;5;Mañana;3-
3715;Masculino;60;6;TARDE;1
3716;m;98;5;T;5
3717;Mas;77;1;Mañana;4
3718;F;65;1;T;5
3719;Masculino;82;5;Mañana;3-
3720;m;22;4;N;2*
3721;Mas;77;2;TARDE;3-
3722;Masculino;9;4;T;3-
3723;F;47;6;M;1+
3724;Masculino;12;2;N;3
3725;F;31;3;N;3-
3726;F;13;2;Mañana;1
3727;Masculino;66;6;TARDE;2
3728;Mas;13;4;T;3-
3729;M;21;5;TARDE;2
3730;Fem;47;1;TARDE;3-
3731;Fem;80;1;M;4
3732;F;32;1;M;5
3733;Fem;32;4;Mañana;1+
3734;Fem;93;4;Mañana;3-
3735;M;5;1;T;1+
3736;Mas;58;6;N;2*
3737;Masculino;64;5;T;1+
3738;M;69;2;T;2*
3739;m;55;2;M;3-
3740;Mas;29;6;N;3-
3741;Masculino;65;5;N;3-
3742;F;31;2;TARDE;3-
3743;Fem;76;6;N;3
3744;M;73;2;T;4
3745;M;24;3;Mañana;5
3746;M;81;2;TARDE;1+
3747;Fem;3;3;T;5
3748;F;68;2;T;1+
3749;Fem;50;4;M;1
3750;F;30;2;Mañana;4
3751;F;89;1;M;1
3752;Masculino;68;4;M;1
3753;Masculino;83;1;TARDE;2
3754;m;72;6;N;4
3755;m;5;3;T;2*
3756;m;43;1;T;1+
3757;Mas;71;1;M;1
3758;Fem;29;2;Mañana;5
3759;m;65;6;N;1+
3760;Masculino;65;2;Mañana;3-
3761;Fem;29;6;M;1
3762;Masculino;67;6;M;1+
3763;Masculino;89;6;N;3
3764;F;49;6;Mañana;2
3765;M;68;3;TARDE;2
3766;M;83;3;M;4
3767;Masculino;83;2;M;3
3768;Mas;5;3;N;3-
3769;Masculino;44;1;TARDE;2
3770;m;80;6;T;5
3771;M;91;1;M;2
3772;m;24;6;M;5
3773;Fem;82;5;TARDE;2*
3774;m;91;6;TARDE;1
3775;Fem;71;2;TARDE;1
3776;m;4;6;M;5
3777;Mas;51;5;Mañana;5
3778;m;32;3;TARDE;1+
3779;Fem;70;2;M;1+
3780;Fem;6;6;T;1+
3781;Masculino;33;3;M;5
3782;Fem;48;5;M;5
3783;m;68;4;Mañana;2
3784;F;83;5;M;2
3785;Fem;70;6;TARDE;5
3786;Mas;82;6;M;1+
3787;Masculino;48;3;N;3-
3788;m;75;5;T;5
3789;m;63;6;TARDE;3
3790;Fem;90;6;M;2*
3791;F;12;4;N;1+
3792;Fem;38;2;M;2*
3793;F;94;5;Mañana;5
3794;Mas;95;2;Mañana;1+
3795;Masculino;39;3;TARDE;4
3796;Masculino;89;6;Mañana;3
3797;Mas;18;6;T;1+
3798;Mas;34;6;Mañana;3
3799;Masculino;51;2;N;3-
3800;Fem;33;3;Mañana;1+
3801;Fem;65;5;T;3-
3802;Fem;93;6;N;3-
3803;Fem;65;3;M;5
3804;m;41;3;N;4
3805;M;46;6;N;3-
3806;Masculino;39;6;M;2*
3807;Mas;28;5;M;1+
3808;m;64;4;M;1
3809;F;24;4;T;1
3810;M;58;4;M;4
3811;Fem;74;4;T;1+
3812;Fem;23;6;TARDE;3-
3813;m;85;5;M;3
3814;Fem;97;1;TARDE;4
3815;F;84;4;Mañana;5
3816;M;78;3;TARDE;3
3817;Masculino;79;6;TARDE;1+
3818;Fem;62;2;TARDE;1
3819;M;12;1;T;1
3820;Mas;72;6;N;3-
3821;Mas;66;1;M;1
3822;Masculino;11;6;Mañana;5
3823;Fem;62;5;M;1+
3824;Mas;94;4;N;2*
3825;M;17;2;N;1+
3826;m;62;2;N;3
3827;m;57;4;TARDE;2*
3828;Mas;64;2;Mañana;3
3829;F;4;6;N;5
3830;Masculino;1;4;Mañana;1
3831;m;58;3;TARDE;1
3832;Fem;18;5;T;5
3833;m;29;1;M;1
3834;Mas;54;5;N;3
3835;Masculino;85;4;N;5
3836;Masculino;55;4;Mañana;4
3837;Masculino;72;3;Mañana;2*
3838;M;36;1;TARDE;2*
3839;Fem;30;5;Mañana;4
3840;M;79;4;TARDE;2
3841;M;1;3;M;5
3842;m;3;5;TARDE;2*
3843;Mas;4;2;Mañana;2
3844;Fem;63;4;M;2
3845;m;73;2;N;3
3846;Mas;16;6;N;5
3847;m;48;3;M;2
3848;Mas;41;5;N;4
3849;M;87;4;T;4
3850;Mas;70;2;M;3-
3851;Fem;84;6;Mañana;2
3852;Masculino;60;3;TARDE;3-
3853;Fem;98;4;N;4
3854;Mas;64;3;T;1
3855;m;65;5;N;1+
3856;Masculino;50;2;TARDE;4
3857;Fem;38;4;Mañana;3
3858;Masculino;41;4;TARDE;2*
3859;Fem;37;3;TARDE;5
3860;M;49;5;N;1
3861;M;51;4;Mañana;4
3862;m;6;6;TARDE;1+
3863;Fem;36;4;TARDE;2*
3864;F;71;1;T;5
3865;Mas;58;2;M;5
3866;Mas;61;6;M;3
3867;Fem;45;3;TARDE;5
3868;m;73;5;M;2
3869;Masculino;45;3;N;1+
3870;Masculino;32;6;M;2
3871;Masculino;46;5;TARDE;3
3872;M;22;1;N;3
3873;Masculino;11;4;Mañana;2*
3874;Masculino;97;5;Mañana;3
3875;Mas;87;2;N;5
3876;Fem;35;1;Mañana;3-
3877;M;68;6;M;3-
3878;m;88;6;TARDE;1
3879;F;97;2;Mañana;3-
3880;Mas;62;2;M;1+
3881;Masculino;55;5;Mañana;4
3882;Mas;46;4;Mañana;5
3883;Fem;99;2;T;2
3884;m;10;6;M;2*
3885;F;11;6;N;1+
3886;m;40;4;T;4
3887;Masculino;50;3;Mañana;5
3888;Masculino;98;3;Mañana;3-
3889;m;64;1;N;4
3890;Fem;42;2;N;4
3891;m;99;3;N;2
3892;Masculino;20;6;N;3-
3893;Fem;11;4;M;3
3894;M;19;5;M;2*
3895;M;58;6;TARDE;3
3896;m;16;6;TARDE;1+
3897;Masculino;63;2;M;1
3898;Masculino;22;1;N;1+
3899;F;86;5;Mañana;2*
3900;Masculino;75;5;M;2
3901;F;6;3;N;4
3902;Masculino;61;6;M;2
3903;M;27;3;T;3-
3904;Fem;30;6;T;1
3905;F;95;1;M;2*
3906;Masculino;94;6;T;2*
3907;Masculino;17;2;M;3
3908;m;82;1;Mañana;3-
3909;F;29;6;T;1+
3910;F;79;6;N;4
3911;m;44;3;TARDE;2*
3912;Fem;41;1;N;5
3913;M;21;2;N;2
3914;Fem;12;4;N;5
3915;M;31;1;M;2*
3916;F;16;1;M;1
3917;Fem;1;5;Mañana;1+
3918;Mas;28;3;M;1+
3919;Masculino;96;2;Mañana;5
3920;Mas;51;1;N;1
3921;F;47;1;M;5
3922;F;71;6;N;4
3923;M;77;2;N;1+
3924;Mas;40;2;M;3
3925;Fem;99;6;M;1
3926;F;3;3;M;2
3927;Fem;80;3;M;5
3928;m;36;1;T;1
3929;Fem;56;2;M;3-
3930;M;2;6;M;1
3931;Mas;100;2;T;1
3932;F;79;5;M;3
3933;F;92;1;TARDE;1
3934;F;54;2;M;1
3935;Masculino;89;2;T;3-
3936;Masculino;20;3;N;2
3937;Mas;2;5;M;1+
3938;Fem;17;4;T;1
3939;Mas;6;3;N;3-
3940;Masculino;53;5;N;1+
3941;Fem;81;1;TARDE;4
3942;m;61;6;N;1
3943;Fem;96;2;Mañana;1
3944;F;44;3;TARDE;4
3945;F;6;1;TARDE;5
3946;M;24;6;T;2
3947;M;71;4;T;1
3948;Fem;15;5;Mañana;3-
3949;Masculino;27;4;T;2
3950;F;49;5;N;2
3951;Mas;33;4;Mañana;4
3952;Fem;52;2;TARDE;5
3953;F;18;3;M;1+
3954;Masculino;27;6;TARDE;5
3955;m;43;3;Mañana;4
3956;Mas;4;6;M;3
3957;Fem;89;6;M;3-
3958;F;38;2;Mañana;2
3959;m;13;2;M;4
3960;Fem;33;5;M;2
3961;m;32;2;T;2
3962;F;75;1;M;3-
3963;Masculino;63;4;Mañana;3-
3964;Mas;15;4;Mañana;1
3965;Fem;45;2;N;1+
3966;M;29;1;Mañana;1+
3967;Fem;42;1;M;4
3968;m;90;6;M;1+
3969;M;83;3;Mañana;2
3970;m;97;6;Mañana;4
3971;Fem;41;4;N;3
3972;M;11;3;Mañana;3-
3973;m;87;6;N;4
3974;F;94;1;N;3-
3975;Masculino;54;2;Mañana;1
3976;F;3;1;TARDE;5
3977;Masculino;87;1;N;4
3978;F;47;1;M;3
3979;Fem;27;5;Mañana;4
3980;Masculino;39;4;M;2
3981;m;100;1;T;3
3982;Fem;11;6;TARDE;5
3983;Mas;59;4;M;1
3984;Mas;75;3;T;3
3985;Mas;32;4;M;2
3986;Mas;59;2;Mañana;2*
3987;F;37;6;T;1
3988;Mas;61;1;M;4
3989;M;2;4;Mañana;3-
3990;Mas;89;3;Mañana;1+
3991;Masculino;95;4;Mañana;3
3992;Masculino;31;1;M;3
3993;Mas;57;6;T;2*
3994;Fem;14;4;T;4
3995;m;23;2;N;2
3996;F;7;2;N;3
3997;Fem;29;5;T;3
3998;m;58;2;N;3-
3999;Masculino;23;4;M;5
4000;M;46;5;M;2*
4001;Masculino;69;6;TARDE;2*
4002;Fem;73;4;M;1+
4003;M;33;2;N;4
4004;Fem;16;4;Mañana;4
4005;Fem;24;1;T;2*
4006;Fem;35;1;T;3-
4007;Fem;84;6;TARDE;3-
4008;M;93;1;M;1+
4009;m;51;6;N;3-
4010;Mas;7;6;TARDE;1
4011;M;65;5;TARDE;2*
4012;F;81;2;Mañana;3-
4013;Fem;35;4;T;5
4014;Mas;16;1;TARDE;2
4015;M;17;6;T;5
4016;Mas;51;1;TARDE;4
4017;Masculino;80;6;T;1
4018;m;58;1;N;3-
4019;Masculino;88;2;M;3
4020;M;34;5;T;3
4021;M;26;6;Mañana;2
4022;F;98;2;Mañana;2
4023;M;73;5;M;2
4024;F;84;2;TARDE;5
4025;F;5;4;N;1
4026;Masculino;48;6;Mañana;2
4027;m;91;1;TARDE;2*
4028;F;72;2;N;3-
4029;F;97;6;N;2*
4030;Fem;27;3;M;1+
4031;Fem;90;6;TARDE;5
4032;m;3;2;Mañana;3
4033;Masculino;74;2;M;3-
4034;Masculino;68;6;Mañana;3-
4035;Mas;93;2;TARDE;2*
4036;Fem;82;2;T;2
4037;Fem;93;1;Mañana;4
4038;Mas;64;2;M;2
4039;Fem;97;2;N;1+
4040;m;46;5;TARDE;3
4041;Masculino;21;5;M;1+
4042;Mas;15;4;T;2*
4043;Masculino;64;3;T;2*
4044;F;9;5;N;4
4045;M;86;4;N;5
4046;m;12;5;T;2
4047;Masculino;15;6;TARDE;4
4048;F;2;6;M;1
4049;Fem;46;3;N;2*
4050;m;96;3;M;1
4051;Mas;52;5;T;2
4052;Masculino;73;3;T;5
4053;M;4;3;TARDE;2*
4054;Masculino;69;3;Mañana;1+
4055;F;79;2;N;2
4056;Fem;86;2;M;5
4057;Mas;38;4;TARDE;2
4058;Masculino;1;6;T;3
4059;M;24;6;T;1
4060;m;61;2;TARDE;1+
4061;m;85;3;TARDE;3
4062;Fem;45;5;T;5
4063;m;23;3;TARDE;1
4064;Fem;26;5;N;2
4065;Mas;56;2;Mañana;3
4066;Mas;6;1;TARDE;3
4067;M;90;5;M;5
4068;F;7;4;N;2*
4069;Mas;56;5;N;3-
4070;m;39;3;T;2*
4071;m;77;4;N;3
4072;m;75;2;T;1
4073;Masculino;75;1;TARDE;2
4074;Fem;51;4;M;2
4075;F;67;4;Mañana;5
4076;Mas;94;5;T;4
4077;M;99;3;N;2*
4078;Masculino;86;6;TARDE;2
4079;Masculino;91;4;T;1+
4080;Mas;17;1;T;3-
4081;m;34;5;N;1
4082;Fem;95;3;TARDE;1+
4083;M;39;5;N;4
4084;Mas;51;3;T;5
4085;Fem;26;3;TARDE;1
4086;Fem;24;6;T;1
4087;Fem;63;6;M;3
4088;M;9;4;N;2*
4089;m;28;2;M;5
4090;Masculino;49;5;T;1
4091;Masculino;36;3;N;1
4092;Mas;93;6;M;3-
4093;Fem;39;3;Mañana;1+
4094;F;3;6;T;3-
4095;m;10;5;M;2
4096;Masculino;54;4;N;4
4097;Mas;31;3;M;3
4098;Fem;70;2;M;5
4099;Fem;34;6;TARDE;5
4100;F;21;3;TARDE;4
4101;Mas;75;5;T;3-
4102;Masculino;56;4;N;4
4103;F;50;4;T;3
4104;M;36;2;T;2
4105;Mas;61;1;Mañana;5
4106;M;25;4;N;4
4107;Masculino;57;1;TARDE;3
4108;Fem;29;1;T;2*
4109;F;44;2;Mañana;2
4110;Masculino;98;3;T;2*
4111;m;14;3;T;5
4112;F;81;1;T;3
4113;Masculino;19;5;Mañana;5
4114;m;23;4;N;3
4115;Fem;4;2;TARDE;4
4116;m;39;1;N;4
4117;Masculino;96;4;T;5
4118;Masculino;7;5;T;4
4119;Mas;84;2;N;1
4120;m;47;2;Mañana;3-
4121;M;48;2;Mañana;5
4122;M;66;2;N;1+
4123;F;98;6;M;1+
4124;M;97;5;N;3
4125;M;17;6;N;1+
4126;M;38;1;M;3-
4127;Masculino;18;1;T;4
4128;F;26;5;M;5
4129;Mas;66;5;Mañana;3-
4130;Fem;37;5;TARDE;1+
4131;Masculino;47;2;M;4
4132;Fem;16;3;TARDE;1
4133;Fem;51;2;N;1
4134;Masculino;47;5;TARDE;5
4135;Mas;1;1;Mañana;2
4136;Mas;52;5;TARDE;5
4137;m;56;4;M;1+
4138;m;9;1;N;3-
4139;m;71;1;Mañana;2*
4140;F;54;1;M;2
4141;m;53;3;M;1+
4142;M;77;5;M;3-
4143;M;88;1;TARDE;2
4144;Mas;31;2;T;4
4145;Masculino;62;4;M;4
4146;F;14;3;N;2*
4147;m;81;4;M;4
4148;Masculino;69;5;T;4
4149;m;30;6;Mañana;4
4150;F;37;5;M;2
4151;m;19;5;TARDE;4
4152;m;31;3;TARDE;4
4153;M;76;4;Mañana;2
4154;Mas;86;5;TARDE;3
4155;m;48;6;N;1+
4156;F;34;2;T;5
4157;Fem;34;6;N;5
4158;Fem;73;6;N;5
4159;Fem;60;3;M;5
4160;M;54;2;M;4
4161;F;99;2;N;4
4162;Masculino;41;4;T;1
4163;m;17;3;TARDE;3
4164;F;1;2;Mañana;1
4165;M;71;2;T;3
4166;m;19;1;N;1
4167;F;58;5;T;3-
4168;F;4;2;N;5
4169;Masculino;77;4;N;3-
4170;Masculino;59;1;N;4
4171;F;36;1;T;3-
4172;Fem;10;2;N;5
4173;Mas;36;3;TARDE;2*
4174;M;31;3;TARDE;1+
4175;Fem;17;5;T;1+
4176;Fem;46;2;M;2*
4177;Masculino;9;3;M;4
4178;Mas;16;5;M;2
4179;M;20;1;Mañana;2*
4180;Fem;3;6;N;4
4181;F;16;6;N;3
4182;Fem;14;4;Mañana;3
4183;m;83;6;M;1
4184;m;11;4;Mañana;2*
4185;F;25;2;TARDE;1+
4186;M;90;3;Mañana;5
4187;m;90;3;T;2*
4188;Fem;31;5;N;1
4189;Fem;50;2;T;5
4190;M;25;4;T;1
4191;Masculino;94;3;N;2
4192;Mas;60;2;Mañana;2
4193;Masculino;3;3;TARDE;3-
4194;Mas;91;1;T;1+
4195;M;24;1;M;3-
4196;Mas;73;3;M;3-
4197;Masculino;75;3;TARDE;2*
4198;F;37;4;Mañana;2*
4199;F;40;1;T;2*
4200;M;26;3;N;4
4201;Masculino;16;4;N;3-
4202;Mas;63;1;T;2*
4203;M;85;4;M;2
4204;Masculino;88;3;Mañana;2
4205;m;44;6;Mañana;4
4206;Mas;60;6;TARDE;5
4207;m;19;4;N;1+
4208;F;47;5;M;4
4209;Fem;84;2;Mañana;1+
4210;m;7;3;T;3-
4211;m;77;4;TARDE;1+
4212;Masculino;52;6;T;3
4213;m;42;3;TARDE;4
4214;F;63;3;TARDE;3-
4215;m;72;3;TARDE;2*
4216;F;67;6;N;1
4217;m;16;4;N;3-
4218;m;43;6;N;1
4219;M;56;5;TARDE;2*
4220;Mas;79;2;M;3
4221;M;98;4;M;5
4222;m;92;1;TARDE;1
4223;Mas;76;2;T;3
4224;M;97;3;T;2*
4225;Mas;99;3;T;4
4226;Masculino;60;4;M;4
4227;M;44;5;M;3
4228;Masculino;66;4;N;1
4229;m;55;6;M;2
4230;M;73;2;M;5
4231;Fem;24;2;M;1+
4232;Mas;7;6;TARDE;5
4233;Mas;49;4;N;5
4234;M;29;1;T;2*
4235;Fem;81;2;Mañana;4
4236;Mas;59;4;N;4
4237;F;8;3;T;3
4238;m;27;5;TARDE;3
4239;Fem;89;5;M;4
4240;Mas;95;6;T;3-
4241;F;7;1;M;5
4242;Masculino;11;4;M;5
4243;M;59;6;M;1
4244;Masculino;47;6;N;5
4245;F;82;3;TARDE;1+
4246;m;3;2;T;5
4247;Fem;100;2;M;2
4248;Masculino;5;1;Mañana;3
4249;m;63;4;Mañana;1
4250;Fem;32;1;TARDE;2
4251;F;29;3;M;4
4252;F;56;5;TARDE;1+
4253;M;18;2;Mañana;5
4254;M;87;3;N;2*
4255;Masculino;21;1;N;1+
4256;F;75;4;M;1+
4257;Fem;93;3;T;1
4258;Masculino;15;1;TARDE;5
4259;F;5;4;M;2
4260;Masculino;22;1;TARDE;5
4261;Masculino;75;1;N;2
4262;Masculino;11;6;T;2
4263;m;34;3;M;1+
4264;Mas;52;2;Mañana;3
4265;Fem;96;5;Mañana;3
4266;F;96;6;M;3
4267;Fem;88;5;TARDE;5
4268;m;73;2;TARDE;4
4269;Mas;16;6;N;2*
4270;m;84;2;M;3-
4271;Masculino;76;5;N;1
4272;M;59;5;TARDE;2
4273;Mas;75;3;M;4
4274;M;94;6;Mañana;1
4275;m;97;1;TARDE;3-
4276;Masculino;25;1;T;1
4277;m;31;3;TARDE;5
4278;m;17;4;M;2
4279;Masculino;95;4;Mañana;4
4280;Fem;10;2;T;3
4281;Masculino;72;5;TARDE;4
4282;m;100;3;T;4
4283;F;60;5;M;1
4284;M;63;6;Mañana;1
4285;Masculino;53;6;T;3
4286;Mas;6;1;N;3
4287;Fem;76;2;M;4
4288;m;35;6;T;2*
4289;F;100;2;N;2*
4290;Masculino;31;2;N;1
4291;Masculino;74;6;T;3-
4292;M;100;4;M;4
4293;Masculino;96;3;TARDE;1+
4294;Mas;24;3;M;1
4295;M;78;3;TARDE;1
4296;Mas;20;2;M;3
4297;Mas;20;3;TARDE;2
4298;F;46;3;T;3
4299;F;78;4;T;2
4300;F;30;5;M;4
4301;M;55;4;T;2*
4302;m;15;2;Mañana;3
4303;F;17;2;Mañana;2*
4304;F;94;5;Mañana;3
4305;F;58;1;N;3
4306;Fem;29;6;N;1
4307;M;97;3;M;1
4308;M;84;2;Mañana;3
4309;m;28;5;T;1+
4310;Mas;30;6;M;3-
4311;m;91;3;TARDE;1+
4312;Mas;26;5;Mañana;1
4313;Masculino;41;5;M;1+
4314;Mas;64;6;M;2
4315;M;7;6;TARDE;3
4316;Mas;18;2;M;3-
4317;m;81;4;T;3
4318;F;61;3;Mañana;2
4319;F;10;2;Mañana;2*
4320;Masculino;43;3;Mañana;3
4321;m;28;6;N;3-
4322;M;77;4;M;1+
4323;Mas;57;4;M;2
4324;m;53;3;TARDE;4
4325;F;3;5;T;2*
4326;M;79;3;T;4
4327;F;55;6;M;1
4328;m;60;1;M;5
4329;Masculino;25;6;Mañana;4
4330;M;54;1;M;1+
4331;Masculino;13;1;N;3-
4332;Masculino;70;6;Mañana;2
4333;m;32;3;M;1
4334;m;76;5;N;3-
4335;F;93;2;Mañana;3
4336;Mas;64;5;TARDE;4
4337;Mas;55;1;N;1+
4338;F;62;5;T;4
4339;F;50;1;M;2*
4340;M;32;4;Mañana;5
4341;m;75;1;TARDE;2*
4342;Masculino;56;1;N;5
4343;Masculino;46;6;N;5
4344;Masculino;80;3;TARDE;5
4345;Mas;8;3;TARDE;1
4346;M;52;6;M;2
4347;M;14;1;N;4
4348;m;65;2;T;3
4349;F;5;3;T;5
4350;M;30;4;Mañana;5
4351;Masculino;43;1;T;1
4352;Fem;63;4;N;3
4353;M;4;5;M;3-
4354;M;42;5;Mañana;3
4355;m;80;3;Mañana;4
4356;m;58;3;TARDE;3-
4357;Mas;47;3;M;1+
4358;M;95;2;T;2
4359;Fem;86;6;TARDE;4
4360;Mas;95;2;TARDE;5
4361;F;6;6;TARDE;1
4362;m;68;6;M;2*
4363;Masculino;10;1;TARDE;2*
4364;Fem;84;3;TARDE;3-
4365;M;21;6;M;2*
4366;Mas;26;6;TARDE;5
4367;F;12;6;Mañana;5
4368;m;21;1;TARDE;2
4369;m;62;5;M;3-
4370;M;34;4;Mañana;4
4371;m;3;4;Mañana;2*
4372;Fem;74;5;M;3
4373;m;44;1;T;3
4374;Masculino;89;3;M;1+
4375;m;74;6;N;4
4376;m;9;4;Mañana;5
4377;m;31;6;Mañana;5
4378;F;33;5;N;3
4379;Masculino;52;1;TARDE;5
4380;Mas;36;2;M;3-
4381;M;99;1;N;4
4382;m;96;4;TARDE;4
4383;F;55;3;T;3-
4384;F;64;3;T;2*
4385;Fem;56;4;TARDE;4
4386;M;86;6;N;4
4387;Masculino;89;1;N;4
4388;M;63;2;T;2
4389;Mas;77;3;T;3
4390;Mas;81;6;M;1
4391;Masculino;70;6;TARDE;3-
4392;M;1;4;TARDE;5
4393;M;19;3;Mañana;2*
4394;Masculino;7;2;N;3-
4395;Mas;83;6;TARDE;3-
4396;Masculino;77;5;TARDE;2*
4397;Fem;62;4;TARDE;1+
4398;M;84;4;Mañana;3-
4399;m;34;5;T;4
4400;Masculino;18;2;Mañana;4
4401;Masculino;7;3;T;3-
4402;M;10;1;T;1
4403;M;17;2;Mañana;4
4404;F;25;6;N;1
4405;M;63;6;TARDE;1+
4406;M;48;6;N;3-
4407;Fem;24;1;M;3
4408;M;75;6;N;1
4409;m;74;4;TARDE;4
4410;M;27;6;Mañana;3
4411;F;56;2;M;3
4412;Masculino;70;2;TARDE;3-
4413;Masculino;7;3;M;4
4414;M;53;1;T;5
4415;Fem;18;2;Mañana;2*
4416;m;93;6;N;4
4417;m;74;5;N;2
4418;Mas;19;3;TARDE;1+
4419;M;34;6;M;1+
4420;Fem;78;4;M;3-
4421;Fem;84;6;T;3-
4422;F;52;6;M;3
4423;m;65;5;Mañana;2*
4424;Mas;93;6;TARDE;4
4425;Fem;19;6;T;2
4426;Mas;46;5;TARDE;1
4427;Fem;28;5;N;1+
4428;m;5;5;T;4
4429;Mas;70;4;N;5
4430;m;61;2;TARDE;2
4431;Fem;93;5;M;1+
4432;Masculino;84;6;M;1+
4433;m;61;1;TARDE;2*
4434;M;36;2;N;2
4435;Masculino;86;3;M;2
4436;Masculino;87;6;T;3
4437;m;55;4;Mañana;1
4438;F;93;3;Mañana;1
4439;Fem;32;3;Mañana;5
4440;Mas;27;2;TARDE;2*
4441;Mas;80;4;N;3
4442;Fem;56;1;TARDE;1
4443;M;75;4;Mañana;2
4444;M;40;1;M;4
4445;m;87;5;M;1+
4446;F;78;1;T;3-
4447;F;36;6;T;3
4448;m;53;6;T;2
4449;F;24;5;M;5
4450;F;76;3;T;3-
4451;m;20;3;Mañana;2
4452;F;78;4;Mañana;2
4453;F;94;3;TARDE;3-
4454;Masculino;11;2;M;3-
4455;Masculino;63;4;N;2
4456;F;2;3;TARDE;2
4457;F;95;1;T;1
4458;Mas;82;2;Mañana;5
4459;Masculino;28;4;T;1
4460;Fem;46;6;TARDE;2*
4461;Fem;41;2;M;1
4462;M;25;5;N;3
4463;F;15;3;N;2*
4464;M;49;3;Mañana;2*
4465;F;36;1;TARDE;2*
4466;m;92;3;TARDE;2*
4467;Mas;58;4;TARDE;1+
4468;Mas;47;1;Mañana;3
4469;Fem;70;3;Mañana;2
4470;Fem;62;6;TARDE;2*
4471;Masculino;34;2;N;1
4472;m;8;4;TARDE;1
4473;m;27;5;T;1+
4474;Fem;70;2;Mañana;5
4475;Fem;27;2;Mañana;5
4476;Fem;42;6;N;3
4477;m;86;2;TARDE;2*
4478;M;12;4;M;4
4479;F;56;6;TARDE;4
4480;F;33;2;M;1+
4481;Fem;5;2;N;1+
4482;Mas;85;5;N;4
4483;M;99;3;Mañana;4
4484;m;43;3;TARDE;1
4485;F;28;3;Mañana;2*
4486;F;7;3;Mañana;1
4487;Fem;21;1;TARDE;4
4488;F;2;5;N;1+
4489;Masculino;72;1;Mañana;4
4490;Masculino;43;2;N;2
4491;M;44;2;T;1+
4492;Mas;7;3;Mañana;2
4493;Masculino;68;1;T;5
4494;Mas;67;6;N;5
4495;Masculino;63;1;M;1
4496;m;13;1;N;1+
4497;Fem;32;4;N;1+
4498;M;90;5;T;4
4499;Fem;13;3;M;3
4500;F;46;1;Mañana;2
4501;M;35;5;N;5
4502;F;4;4;N;3
4503;M;67;6;Mañana;2
4504;m;13;5;Mañana;3-
4505;Fem;18;5;TARDE;1+
4506;Mas;3;4;M;3-
4507;M;14;4;Mañana;1
4508;F;100;1;M;3-
4509;Mas;25;2;TARDE;4
4510;F;20;5;T;3-
4511;Mas;16;1;Mañana;3-
4512;m;11;3;N;2
4513;Mas;87;4;TARDE;3
4514;Mas;61;5;N;5
4515;M;44;5;N;2*
4516;Fem;98;1;T;5
4517;Fem;14;1;TARDE;5
4518;F;14;3;M;5
4519;Mas;10;5;T;5
4520;Masculino;86;1;M;2
4521;Fem;24;3;T;3-
4522;F;88;5;TARDE;3
4523;Fem;14;3;T;1+
4524;F;78;3;T;3-
4525;Masculino;19;5;TARDE;4
4526;M;40;4;M;2*
4527;M;43;1;Mañana;3-
4528;M;53;3;T;2
4529;F;93;5;Mañana;2
4530;F;50;2;TARDE;2*
4531;Fem;88;5;Mañana;5
4532;Fem;90;4;M;3
4533;Mas;28;4;N;4
4534;m;86;1;M;1
4535;Mas;76;4;TARDE;2
4536;M;14;1;T;2*
4537;M;21;6;TARDE;1
4538;Masculino;2;6;TARDE;5
4539;m;46;3;M;3-
4540;Masculino;5;4;Mañana;3-
4541;Fem;24;1;M;3
4542;Mas;43;5;TARDE;3
4543;m;29;3;Mañana;2
4544;m;39;2;TARDE;3
4545;F;8;6;Mañana;4
4546;F;8;4;M;2
4547;Mas;60;1;T;1+
4548;Mas;42;6;Mañana;3-
4549;F;89;1;T;1+
4550;m;92;2;T;5
4551;Masculino;65;1;M;4
4552;Masculino;14;1;N;3
4553;Mas;24;2;Mañana;3-
4554;F;96;2;N;2*
4555;Mas;24;3;T;4
4556;m;33;2;Mañana;5
4557;Masculino;86;4;N;1+
4558;Masculino;75;4;T;2
4559;M;60;3;T;3
4560;m;90;1;M;3
4561;Fem;45;5;Mañana;2
4562;Masculino;17;2;T;3
4563;M;1;5;N;2*
4564;M;72;6;T;1+
4565;Masculino;37;5;M;2
4566;Fem;45;5;M;4
4567;m;97;1;Mañana;5
4568;Masculino;70;5;T;4
4569;Masculino;58;5;T;5
4570;Masculino;100;5;TARDE;2*
4571;Mas;49;5;M;1
4572;Masculino;96;5;TARDE;1+
4573;Masculino;10;5;N;5
4574;Mas;45;3;T;1
4575;Masculino;1;3;T;3
4576;M;35;5;M;1
4577;Fem;41;5;N;4
4578;Fem;14;5;TARDE;3-
4579;M;59;3;N;4
4580;M;70;3;N;5
4581;M;98;1;M;2
4582;Fem;15;3;N;4
4583;m;75;5;Mañana;3-
4584;m;25;5;N;1+
4585;Fem;29;4;TARDE;1
4586;Masculino;47;5;N;4
4587;F;72;6;T;3
4588;M;29;5;N;1+
4589;F;76;6;N;3
4590;F;23;1;Mañana;1+
4591;F;33;2;M;3-
4592;Fem;65;2;TARDE;1
4593;M;4;4;N;2
4594;F;39;5;TARDE;2
4595;Masculino;29;1;N;4
4596;Fem;36;1;T;1+
4597;Mas;28;4;Mañana;4
4598;M;59;3;TARDE;1+
4599;m;46;1;TARDE;4
4600;F;58;1;TARDE;3
4601;F;83;6;Mañana;2*
4602;F;52;3;T;5
4603;Masculino;46;2;Mañana;4
4604;Masculino;11;6;TARDE;1+
4605;F;93;1;Mañana;1
4606;Mas;79;1;M;2
4607;Fem;20;2;T;4
4608;Masculino;92;1;M;3
4609;m;98;1;N;1+
4610;Masculino;50;5;N;4
4611;M;84;4;Mañana;3
4612;M;92;6;M;2*
4613;Masculino;11;4;TARDE;1+
4614;Fem;11;2;Mañana;4
4615;m;94;1;M;1
4616;m;28;5;T;5
4617;Fem;49;2;Mañana;1
4618;Mas;30;5;T;3
4619;M;4;3;M;3
4620;M;97;3;N;3-
4621;M;39;1;Mañana;4
4622;F;21;3;TARDE;5
4623;M;76;6;TARDE;3-
4624;Mas;8;3;T;2*
4625;Fem;12;1;Mañana;1+
4626;Masculino;60;1;Mañana;3-
4627;F;66;5;Mañana;1+
4628;Masculino;91;6;Mañana;2*
4629;m;13;6;Mañana;5
4630;m;97;2;N;2*
4631;Masculino;12;4;T;4
4632;Fem;84;4;T;3
4633;F;54;3;N;1
4634;Fem;8;1;M;1+
4635;Mas;100;4;N;3
4636;Mas;49;3;TARDE;3
4637;M;47;1;T;2*
4638;m;30;5;N;2*
4639;M;28;6;Mañana;2*
4640;Masculino;50;2;T;1
4641;Mas;59;5;Mañana;2*
4642;F;46;1;M;5
4643;Mas;69;2;N;4
4644;M;36;3;Mañana;1+
4645;M;7;5;N;1+
4646;Masculino;29;5;Mañana;3-
4647;Masculino;33;4;M;2*
4648;Fem;71;1;TARDE;1+
4649;F;54;2;TARDE;5
4650;Mas;2;6;TARDE;2
4651;m;6;1;TARDE;1
4652;M;46;5;T;4
4653;M;14;1;N;2*
4654;Mas;69;3;M;4
4655;F;88;4;TARDE;5
4656;F;38;1;N;2*
4657;Mas;96;4;TARDE;2*
4658;m;100;4;TARDE;5
4659;Mas;50;5;N;1
4660;M;28;4;N;4
4661;Fem;37;4;TARDE;3-
4662;Fem;12;5;TARDE;5
4663;Masculino;6;3;T;1
4664;F;62;2;Mañana;5
4665;m;10;4;Mañana;5
4666;Fem;19;6;Mañana;3
4667;Mas;92;4;T;3
4668;Fem;35;3;Mañana;2
4669;Fem;27;4;N;1
4670;Mas;44;1;M;2*
4671;Fem;95;1;N;2
4672;F;59;2;N;4
4673;Masculino;65;4;T;5
4674;M;58;2;Mañana;5
4675;M;86;1;TARDE;2*
4676;F;38;4;Mañana;1
4677;Fem;84;3;TARDE;1
4678;M;75;2;T;1
4679;Fem;48;2;TARDE;3-
4680;Fem;31;3;TARDE;2*
4681;F;28;3;TARDE;3
4682;F;68;3;M;3
4683;M;70;4;M;1+
4684;Mas;100;3;M;2*
4685;Mas;25;5;Mañana;1
4686;Masculino;13;3;Mañana;1+
4687;Fem;13;2;N;2
4688;Fem;86;6;M;2*
4689;Masculino;43;1;M;2*
4690;m;98;6;N;4
4691;M;52;2;N;5
4692;M;14;2;Mañana;2
4693;Fem;39;6;N;2*
4694;Mas;59;1;TARDE;5
4695;m;4;1;T;2
4696;F;45;6;Mañana;3
4697;Masculino;95;6;TARDE;2
4698;M;28;1;M;4
4699;Masculino;24;1;TARDE;2*
4700;m;51;4;N;3
4701;Fem;99;2;Mañana;3
4702;Masculino;35;1;N;2
4703;M;45;5;T;3-
4704;M;8;1;N;3-
4705;m;2;6;TARDE;1+
4706;Mas;51;3;Mañana;2
4707;Fem;63;1;TARDE;3
4708;Masculino;52;5;TARDE;4
4709;F;33;2;T;1+
4710;Masculino;26;5;TARDE;3-
4711;Masculino;96;1;TARDE;5
4712;F;16;1;TARDE;3
4713;F;6;4;TARDE;1+
4714;Mas;34;4;Mañana;2*
4715;Masculino;53;3;T;2*
4716;Fem;50;1;Mañana;4
4717;M;6;3;T;2*
4718;Fem;83;2;T;3
4719;Fem;28;1;T;1
4720;Fem;22;5;Mañana;5
4721;Masculino;79;2;T;1+
4722;Mas;68;1;Mañana;3
4723;Mas;40;2;Mañana;2*
4724;M;81;4;T;2
4725;Mas;81;5;N;2
4726;F;78;5;TARDE;4
4727;Mas;14;4;TARDE;3
4728;M;69;1;N;3-
4729;m;34;2;T;2
4730;Mas;64;3;Mañana;3-
4731;m;100;1;TARDE;2
4732;Fem;43;2;TARDE;1+
4733;M;44;3;Mañana;2
4734;Masculino;24;2;Mañana;3-
4735;F;67;1;M;1+
4736;Fem;53;2;N;3-
4737;M;72;1;T;2
4738;M;44;6;Mañana;2*
4739;Masculino;65;1;N;2
4740;F;96;1;TARDE;3-
4741;Fem;55;5;N;4
4742;Fem;97;4;Mañana;1+
4743;M;62;2;N;2*
4744;Mas;49;6;Mañana;1+
4745;m;77;4;Mañana;3
4746;Masculino;61;5;TARDE;5
4747;M;30;1;T;3
4748;Masculino;31;3;Mañana;3-
4749;Masculino;85;4;T;2*
4750;Mas;62;3;TARDE;2*
4751;Fem;27;2;TARDE;1
4752;M;39;5;N;1
4753;F;93;1;Mañana;1
4754;Masculino;49;6;Mañana;4
4755;Fem;4;2;M;2*
4756;M;13;4;N;1
4757;Masculino;41;6;Mañana;5
4758;Masculino;48;5;T;1+
4759;Mas;92;5;N;3-
4760;Masculino;61;3;M;5
4761;Mas;99;6;TARDE;3
4762;Mas;12;3;TARDE;3
4763;F;8;5;TARDE;2*
4764;m;16;2;N;2*
4765;M;48;6;T;2
4766;F;73;4;T;1
4767;Mas;22;5;T;5
4768;F;47;6;M;5
4769;Fem;75;2;TARDE;5
4770;M;61;2;Mañana;3
4771;M;90;6;T;1+
4772;m;48;4;M;5
4773;m;25;3;Mañana;1+
4774;Fem;1;2;TARDE;1+
4775;m;50;5;Mañana;5
4776;Masculino;54;1;M;5
4777;Mas;25;2;TARDE;3-
4778;m;22;6;Mañana;1
4779;Fem;89;6;TARDE;5
4780;F;1;3;TARDE;4
4781;Mas;14;4;TARDE;2
4782;Masculino;30;6;M;5
4783;Mas;29;5;T;4
4784;F;21;2;Mañana;3
4785;Masculino;50;4;T;5
4786;Mas;31;3;TARDE;4
4787;M;92;3;Mañana;4
4788;Fem;11;6;T;1
4789;Mas;97;4;M;1+
4790;Fem;28;1;M;4
4791;M;18;1;T;2*
4792;M;15;3;Mañana;5
4793;m;20;5;M;3
4794;F;30;1;M;3
4795;Mas;96;5;Mañana;5
4796;m;40;3;TARDE;2
4797;m;84;4;Mañana;1+
4798;Mas;32;6;T;1
4799;Mas;15;5;M;1+
4800;Masculino;65;1;TARDE;2
4801;Masculino;55;2;M;5
4802;F;97;1;T;5
4803;m;95;2;TARDE;1+
4804;Fem;30;6;T;2*
4805;Masculino;55;3;T;4
4806;m;22;5;N;3-
4807;F;10;6;N;3
4808;M;88;6;TARDE;3-
4809;M;60;2;M;1
4810;M;9;2;N;4
4811;Fem;23;5;Mañana;2
4812;Masculino;36;6;TARDE;2
4813;Mas;92;5;M;3-
4814;Masculino;84;2;N;4
4815;m;28;5;M;2*
4816;M;60;1;Mañana;4
4817;F;68;6;Mañana;2*
4818;Masculino;88;2;TARDE;1+
4819;Mas;93;6;M;1+
4820;m;57;6;TARDE;2*
4821;M;45;1;Mañana;3-
4822;Masculino;71;4;M;1+
4823;M;43;3;TARDE;3
4824;Mas;70;2;TARDE;5
4825;Masculino;89;2;T;2*
4826;Fem;38;3;M;3
4827;M;10;5;N;2*
4828;Mas;23;6;N;3-
4829;M;49;3;N;1
4830;Masculino;28;1;N;1
4831;Fem;43;3;M;1
4832;M;14;1;T;2*
4833;F;15;2;Mañana;2*
4834;Fem;95;4;TARDE;5
4835;Masculino;16;4;M;2*
4836;Masculino;13;5;TARDE;1+
4837;F;73;4;N;3
4838;m;75;2;T;4
4839;M;54;5;M;2
4840;m;70;6;T;5
4841;F;11;1;TARDE;4
4842;F;83;2;TARDE;5
4843;Masculino;69;3;N;5
4844;F;42;5;M;3-
4845;M;53;5;T;3
4846;Mas;61;4;M;1+
4847;Fem;84;5;TARDE;1
4848;M;68;2;TARDE;5
4849;m;81;1;N;1+
4850;M;7;4;M;5
4851;Fem;42;3;T;1+
4852;Masculino;4;1;T;1
4853;F;44;4;Mañana;3
4854;Masculino;3;5;M;2
4855;M;85;6;Mañana;2*
4856;Fem;98;2;Mañana;3-
4857;Fem;77;5;T;2*
4858;M;26;2;TARDE;3
4859;Mas;35;6;T;4
4860;m;80;5;TARDE;2
4861;m;24;1;Mañana;1
4862;Fem;81;5;N;1
4863;m;92;2;N;2*
4864;Fem;87;6;N;4
4865;m;62;1;N;4
4866;Mas;75;3;M;2
4867;F;46;4;N;1+
4868;F;26;4;TARDE;5
4869;m;39;2;Mañana;1+
4870;Fem;15;1;M;1+
4871;M;44;5;N;1+
4872;F;43;5;N;3
4873;m;50;5;Mañana;3
4874;Fem;16;6;Mañana;3-
4875;m;100;6;TARDE;1
4876;Mas;90;3;M;4
4877;F;71;2;Mañana;2
4878;M;54;3;N;1
4879;Masculino;29;1;M;2
4880;Masculino;29;4;TARDE;3
4881;Masculino;3;2;N;2*
4882;M;95;5;T;1
4883;M;61;6;Mañana;2*
4884;Fem;81;4;M;5
4885;Masculino;69;3;TARDE;2*
4886;Fem;42;4;T;3-
4887;m;80;1;N;4
4888;F;75;2;Mañana;2*
4889;m;41;1;M;2*
4890;Mas;43;4;T;3
4891;m;42;1;Mañana;3-
4892;M;72;5;T;4
4893;M;42;1;T;1+
4894;m;57;6;Mañana;5
4895;Fem;23;3;Mañana;2*
4896;Fem;39;6;M;2*
4897;Fem;71;5;T;3
4898;F;31;3;Mañana;5
4899;m;36;3;M;4
4900;Fem;58;4;TARDE;3-
4901;Masculino;10;1;TARDE;1+
4902;M;59;6;T;1+
4903;m;67;1;N;2*
4904;Masculino;62;5;Mañana;5
4905;M;20;5;Mañana;1
4906;Masculino;16;2;TARDE;2*
4907;Fem;74;1;M;3
4908;F;61;2;M;2
4909;Fem;48;5;Mañana;3-
4910;Mas;71;1;N;2
4911;Mas;3;4;Mañana;1+
4912;m;55;4;N;5
4913;F;91;4;M;3-
4914;F;11;5;TARDE;3-
4915;M;59;4;N;1+
4916;Mas;89;6;N;3
4917;m;90;3;Mañana;3-
4918;m;73;1;N;4
4919;F;60;5;T;2*
4920;Mas;18;6;M;2
4921;m;29;3;M;5
4922;Masculino;50;3;M;1
4923;m;21;3;Mañana;4
4924;Mas;73;6;N;2*
4925;Mas;71;2;M;5
4926;m;81;2;Mañana;5
4927;M;48;6;M;3-
4928;Fem;93;2;N;5
4929;Mas;14;4;TARDE;4
4930;Masculino;71;6;T;1+
4931;Mas;69;4;TARDE;2
4932;F;92;2;Mañana;2*
4933;Masculino;65;3;Mañana;4
4934;M;16;2;N;4
4935;F;4;5;Mañana;3-
4936;Mas;30;6;N;4
4937;F;69;3;N;2*
4938;F;61;3;TARDE;1
4939;m;10;1;T;1
4940;Mas;37;1;M;1
4941;F;73;2;Mañana;4
4942;Masculino;99;5;M;3
4943;Mas;10;2;Mañana;1+
4944;m;98;5;N;1
4945;M;76;6;M;3-
4946;Mas;68;2;M;2
4947;Fem;45;2;TARDE;3
4948;Masculino;44;2;T;1+
4949;m;56;5;Mañana;3
4950;Masculino;93;6;M;2*
4951;m;79;3;N;3
4952;F;36;4;Mañana;3
4953;M;58;5;T;5
4954;M;94;3;N;2
4955;M;93;1;N;3
4956;m;63;4;T;4
4957;M;95;6;T;2
4958;F;53;4;TARDE;3
4959;F;8;3;TARDE;2
